model_name,mse,rmse,mae,r2_score
ElasticNet,4621.454785211154,67.98128260934148,28.361021828542267,0.9261567374196634
