model_name,mse,rmse,mae,r2_score
LinearRegression,832.5422509228911,28.853808256846982,16.94791433990098,0.9866973412266513
Ridge,832.7518089077764,28.857439403172563,16.947614687601966,0.9866939928339865
Lasso,801.9441734277896,28.318618847461284,16.227957648133444,0.9871862482864271
ElasticNet,3466.6315561354363,58.87810761340276,39.94967282359771,0.944608917285492
RandomForest,1031.3591277590624,32.11478051861887,15.776607190324295,0.9835205738397678
GradientBoosting,932.0302343106009,30.52917021981765,17.493223225209768,0.9851076865351468
