model_name,mse,rmse,mae,r2_score
LinearRegression,2339.693751774852,48.37038093477094,29.569635425390327,0.9526958296353389
Ridge,2304.4056301237033,48.004225127833315,29.325823534754136,0.9534092885301916
Lasso,1844.5825692845751,42.9486038106546,27.288807040136174,0.9627060387527511
ElasticNet,6251.652908487443,79.06739472429481,54.33260359116993,0.8736034346292186
RandomForest,5873.6970141419415,76.64004836990867,27.500519182283888,0.8812449860087036
LightGBM,6013.116017483667,77.54428423477559,27.699131334564637,0.8784261981732677
