18:03:13 [EXPERIMENT]: Log file: outputs/logs/experiment_2025-12-04_18-03-13.log
18:03:13 [EXPERIMENT]: === Run 1/24: num=mean, scale=robust, outlier=isolation_forest ===
18:03:13 [DATA_IO]: Loading data from data/raw/FastFoodNutritionMenuV3.csv...
18:03:13 [DATA_IO]: Cleaning column names...
18:03:13 [DATA_IO]: Column names cleaned successfully.
18:03:13 [DATA_TRANSFORMER]: Auto-detecting numeric columns (threshold=80%)...
18:03:13 [DATA_TRANSFORMER]: Auto-converted 12 columns to numeric: ['calories', 'calories_from_fat', 'total_fat_g', 'saturated_fat_g', 'trans_fat_g', 'cholesterol_mg', 'sodium_mg', 'carbs_g', 'fiber_g', 'sugars_g', 'protein_g', 'weight_watchers_pnts']
18:03:13 [PREPROCESSOR]: Numeric cols: ['calories', 'calories_from_fat', 'total_fat_g', 'saturated_fat_g', 'trans_fat_g', 'cholesterol_mg', 'sodium_mg', 'carbs_g', 'fiber_g', 'sugars_g', 'protein_g', 'weight_watchers_pnts']
18:03:13 [PREPROCESSOR]: Categorical cols: ['company', 'item']
18:03:13 [PREPROCESSOR]: Datetime cols: []
18:03:13 [DATA_TRANSFORMER]: Converting columns to datetime...
18:03:13 [PREPROCESSOR]: Numeric cols: ['calories', 'calories_from_fat', 'total_fat_g', 'saturated_fat_g', 'trans_fat_g', 'cholesterol_mg', 'sodium_mg', 'carbs_g', 'fiber_g', 'sugars_g', 'protein_g', 'weight_watchers_pnts']
18:03:13 [PREPROCESSOR]: Categorical cols: ['company', 'item']
18:03:13 [PREPROCESSOR]: Datetime cols: []
18:03:13 [DATA_TRANSFORMER]: Dropping features: ['calories_from_fat', 'weight_watchers_pnts', 'company', 'item', 'total_fat_g', 'calories', 'trans_fat_g']
18:03:13 [PREPROCESSOR]: Numeric cols: ['saturated_fat_g', 'cholesterol_mg', 'sodium_mg', 'carbs_g', 'fiber_g', 'sugars_g', 'protein_g']
18:03:13 [PREPROCESSOR]: Categorical cols: []
18:03:13 [PREPROCESSOR]: Datetime cols: []
18:03:13 [DATA_TRANSFORMER]: Cleaning negative values in all numeric columns...
18:03:13 [DATA_TRANSFORMER]: Removed 138 duplicate rows
18:03:13 [DATA_TRANSFORMER]: Dropped 52 rows with null target 'saturated_fat_g'
18:03:13 [MODEL_TRAINER]: ModelTrainer initialized with random_state=42, n_jobs=1
18:03:13 [MODEL_TRAINER]: Data loaded: 957 rows, 7 columns
18:03:13 [MODEL_TRAINER]: Target column: 'saturated_fat_g'
18:03:13 [MODEL_TRAINER]: Splitting data into Train and Test sets...
18:03:13 [MODEL_TRAINER]: Split complete. Train shape: (765, 7), Test shape: (192, 7)
18:03:13 [DATA_TRANSFORMER]: [Encode] strategy='onehot', fit=True
18:03:13 [DATA_TRANSFORMER]: [Outlier] method='isolation_forest' - Removing outliers
18:03:13 [DATA_TRANSFORMER]: Removed 100 rows as outliers
18:03:13 [DATA_TRANSFORMER]: Handling missing values fit=True | strategies={'num': 'mean', 'cat': 'mode', 'dt': 'drop'}
18:03:13 [DATA_TRANSFORMER]: [Scale] strategy='robust', fit=True
18:03:13 [DATA_TRANSFORMER]: [Encode] strategy='onehot', fit=False
18:03:13 [DATA_TRANSFORMER]: Handling missing values fit=False | strategies={'num': 'mean', 'cat': 'mode', 'dt': 'drop'}
18:03:13 [DATA_TRANSFORMER]: [Scale] strategy='robust', fit=False
18:03:13 [MODEL_TRAINER]: Setting processed training data (separating X and y)...
18:03:13 [MODEL_TRAINER]: Ready for training. X_train: (665, 6), X_test: (192, 6)
18:03:13 [MODEL_TRAINER]: Initialized 5 models: ['ElasticNet', 'RandomForest', 'LightGBM', 'XGBoost', 'DecisionTree']
18:03:13 [MODEL_TRAINER]: Starting model training...
18:03:13 [MODEL_TRAINER]: Training ElasticNet...
18:03:13 [MODEL_TRAINER]: ✓ ElasticNet trained successfully
18:03:13 [MODEL_TRAINER]: Training RandomForest...
18:03:13 [MODEL_TRAINER]: ✓ RandomForest trained successfully
18:03:13 [MODEL_TRAINER]: Training LightGBM...
18:03:13 [MODEL_TRAINER]: ✓ LightGBM trained successfully
18:03:13 [MODEL_TRAINER]: Training XGBoost...
18:03:14 [MODEL_TRAINER]: ✓ XGBoost trained successfully
18:03:14 [MODEL_TRAINER]: Training DecisionTree...
18:03:14 [MODEL_TRAINER]: ✓ DecisionTree trained successfully
18:03:14 [MODEL_TRAINER]: Training completed. 5/5 models trained successfully
18:03:14 [MODEL_TRAINER]: Evaluating models...
18:03:14 [MODEL_EVALUATOR]: ✓ ElasticNet evaluated: RMSE=3.8220, MAE=2.4508, R2=0.5250
18:03:14 [MODEL_EVALUATOR]: ✓ RandomForest evaluated: RMSE=2.7174, MAE=1.2092, R2=0.7599
18:03:14 [MODEL_EVALUATOR]: ✓ LightGBM evaluated: RMSE=2.6976, MAE=1.2265, R2=0.7634
18:03:14 [MODEL_EVALUATOR]: ✓ XGBoost evaluated: RMSE=3.1460, MAE=1.3562, R2=0.6782
18:03:14 [MODEL_EVALUATOR]: ✓ DecisionTree evaluated: RMSE=2.9589, MAE=1.3750, R2=0.7153
18:03:14 [EXPERIMENT]: === Run 2/24: num=mean, scale=robust, outlier=iqr ===
18:03:14 [DATA_IO]: Loading data from data/raw/FastFoodNutritionMenuV3.csv...
18:03:14 [DATA_IO]: Cleaning column names...
18:03:14 [DATA_IO]: Column names cleaned successfully.
18:03:14 [DATA_TRANSFORMER]: Auto-detecting numeric columns (threshold=80%)...
18:03:14 [DATA_TRANSFORMER]: Auto-converted 12 columns to numeric: ['calories', 'calories_from_fat', 'total_fat_g', 'saturated_fat_g', 'trans_fat_g', 'cholesterol_mg', 'sodium_mg', 'carbs_g', 'fiber_g', 'sugars_g', 'protein_g', 'weight_watchers_pnts']
18:03:14 [PREPROCESSOR]: Numeric cols: ['calories', 'calories_from_fat', 'total_fat_g', 'saturated_fat_g', 'trans_fat_g', 'cholesterol_mg', 'sodium_mg', 'carbs_g', 'fiber_g', 'sugars_g', 'protein_g', 'weight_watchers_pnts']
18:03:14 [PREPROCESSOR]: Categorical cols: ['company', 'item']
18:03:14 [PREPROCESSOR]: Datetime cols: []
18:03:14 [DATA_TRANSFORMER]: Converting columns to datetime...
18:03:14 [PREPROCESSOR]: Numeric cols: ['calories', 'calories_from_fat', 'total_fat_g', 'saturated_fat_g', 'trans_fat_g', 'cholesterol_mg', 'sodium_mg', 'carbs_g', 'fiber_g', 'sugars_g', 'protein_g', 'weight_watchers_pnts']
18:03:14 [PREPROCESSOR]: Categorical cols: ['company', 'item']
18:03:14 [PREPROCESSOR]: Datetime cols: []
18:03:14 [DATA_TRANSFORMER]: Dropping features: ['calories_from_fat', 'weight_watchers_pnts', 'company', 'item', 'total_fat_g', 'calories', 'trans_fat_g']
18:03:14 [PREPROCESSOR]: Numeric cols: ['saturated_fat_g', 'cholesterol_mg', 'sodium_mg', 'carbs_g', 'fiber_g', 'sugars_g', 'protein_g']
18:03:14 [PREPROCESSOR]: Categorical cols: []
18:03:14 [PREPROCESSOR]: Datetime cols: []
18:03:14 [DATA_TRANSFORMER]: Cleaning negative values in all numeric columns...
18:03:14 [DATA_TRANSFORMER]: Removed 138 duplicate rows
18:03:14 [DATA_TRANSFORMER]: Dropped 52 rows with null target 'saturated_fat_g'
18:03:14 [MODEL_TRAINER]: ModelTrainer initialized with random_state=42, n_jobs=1
18:03:14 [MODEL_TRAINER]: Data loaded: 957 rows, 7 columns
18:03:14 [MODEL_TRAINER]: Target column: 'saturated_fat_g'
18:03:14 [MODEL_TRAINER]: Splitting data into Train and Test sets...
18:03:14 [MODEL_TRAINER]: Split complete. Train shape: (765, 7), Test shape: (192, 7)
18:03:14 [DATA_TRANSFORMER]: [Encode] strategy='onehot', fit=True
18:03:14 [DATA_TRANSFORMER]: [Outlier] method='iqr' - Removing outliers
18:03:14 [DATA_TRANSFORMER]: Removed 176 rows as outliers
18:03:14 [DATA_TRANSFORMER]: Handling missing values fit=True | strategies={'num': 'mean', 'cat': 'mode', 'dt': 'drop'}
18:03:14 [DATA_TRANSFORMER]: [Scale] strategy='robust', fit=True
18:03:14 [DATA_TRANSFORMER]: [Encode] strategy='onehot', fit=False
18:03:14 [DATA_TRANSFORMER]: Handling missing values fit=False | strategies={'num': 'mean', 'cat': 'mode', 'dt': 'drop'}
18:03:14 [DATA_TRANSFORMER]: [Scale] strategy='robust', fit=False
18:03:14 [MODEL_TRAINER]: Setting processed training data (separating X and y)...
18:03:14 [MODEL_TRAINER]: Ready for training. X_train: (589, 6), X_test: (192, 6)
18:03:14 [MODEL_TRAINER]: Initialized 5 models: ['ElasticNet', 'RandomForest', 'LightGBM', 'XGBoost', 'DecisionTree']
18:03:14 [MODEL_TRAINER]: Starting model training...
18:03:14 [MODEL_TRAINER]: Training ElasticNet...
18:03:14 [MODEL_TRAINER]: ✓ ElasticNet trained successfully
18:03:14 [MODEL_TRAINER]: Training RandomForest...
18:03:14 [MODEL_TRAINER]: ✓ RandomForest trained successfully
18:03:14 [MODEL_TRAINER]: Training LightGBM...
18:03:14 [MODEL_TRAINER]: ✓ LightGBM trained successfully
18:03:14 [MODEL_TRAINER]: Training XGBoost...
18:03:14 [MODEL_TRAINER]: ✓ XGBoost trained successfully
18:03:14 [MODEL_TRAINER]: Training DecisionTree...
18:03:14 [MODEL_TRAINER]: ✓ DecisionTree trained successfully
18:03:14 [MODEL_TRAINER]: Training completed. 5/5 models trained successfully
18:03:14 [MODEL_TRAINER]: Evaluating models...
18:03:14 [MODEL_EVALUATOR]: ✓ ElasticNet evaluated: RMSE=3.7234, MAE=2.4195, R2=0.5492
18:03:14 [MODEL_EVALUATOR]: ✓ RandomForest evaluated: RMSE=2.5697, MAE=1.1824, R2=0.7853
18:03:14 [MODEL_EVALUATOR]: ✓ LightGBM evaluated: RMSE=2.8316, MAE=1.3256, R2=0.7393
18:03:14 [MODEL_EVALUATOR]: ✓ XGBoost evaluated: RMSE=2.6874, MAE=1.2833, R2=0.7652
18:03:14 [MODEL_EVALUATOR]: ✓ DecisionTree evaluated: RMSE=2.6724, MAE=1.2682, R2=0.7678
18:03:14 [EXPERIMENT]: === Run 3/24: num=mean, scale=robust, outlier=zscore ===
18:03:14 [DATA_IO]: Loading data from data/raw/FastFoodNutritionMenuV3.csv...
18:03:14 [DATA_IO]: Cleaning column names...
18:03:14 [DATA_IO]: Column names cleaned successfully.
18:03:14 [DATA_TRANSFORMER]: Auto-detecting numeric columns (threshold=80%)...
18:03:14 [DATA_TRANSFORMER]: Auto-converted 12 columns to numeric: ['calories', 'calories_from_fat', 'total_fat_g', 'saturated_fat_g', 'trans_fat_g', 'cholesterol_mg', 'sodium_mg', 'carbs_g', 'fiber_g', 'sugars_g', 'protein_g', 'weight_watchers_pnts']
18:03:14 [PREPROCESSOR]: Numeric cols: ['calories', 'calories_from_fat', 'total_fat_g', 'saturated_fat_g', 'trans_fat_g', 'cholesterol_mg', 'sodium_mg', 'carbs_g', 'fiber_g', 'sugars_g', 'protein_g', 'weight_watchers_pnts']
18:03:14 [PREPROCESSOR]: Categorical cols: ['company', 'item']
18:03:14 [PREPROCESSOR]: Datetime cols: []
18:03:14 [DATA_TRANSFORMER]: Converting columns to datetime...
18:03:14 [PREPROCESSOR]: Numeric cols: ['calories', 'calories_from_fat', 'total_fat_g', 'saturated_fat_g', 'trans_fat_g', 'cholesterol_mg', 'sodium_mg', 'carbs_g', 'fiber_g', 'sugars_g', 'protein_g', 'weight_watchers_pnts']
18:03:14 [PREPROCESSOR]: Categorical cols: ['company', 'item']
18:03:14 [PREPROCESSOR]: Datetime cols: []
18:03:14 [DATA_TRANSFORMER]: Dropping features: ['calories_from_fat', 'weight_watchers_pnts', 'company', 'item', 'total_fat_g', 'calories', 'trans_fat_g']
18:03:14 [PREPROCESSOR]: Numeric cols: ['saturated_fat_g', 'cholesterol_mg', 'sodium_mg', 'carbs_g', 'fiber_g', 'sugars_g', 'protein_g']
18:03:14 [PREPROCESSOR]: Categorical cols: []
18:03:14 [PREPROCESSOR]: Datetime cols: []
18:03:14 [DATA_TRANSFORMER]: Cleaning negative values in all numeric columns...
18:03:14 [DATA_TRANSFORMER]: Removed 138 duplicate rows
18:03:14 [DATA_TRANSFORMER]: Dropped 52 rows with null target 'saturated_fat_g'
18:03:14 [MODEL_TRAINER]: ModelTrainer initialized with random_state=42, n_jobs=1
18:03:14 [MODEL_TRAINER]: Data loaded: 957 rows, 7 columns
18:03:14 [MODEL_TRAINER]: Target column: 'saturated_fat_g'
18:03:14 [MODEL_TRAINER]: Splitting data into Train and Test sets...
18:03:14 [MODEL_TRAINER]: Split complete. Train shape: (765, 7), Test shape: (192, 7)
18:03:14 [DATA_TRANSFORMER]: [Encode] strategy='onehot', fit=True
18:03:14 [DATA_TRANSFORMER]: [Outlier] method='zscore' - Removing outliers
18:03:14 [DATA_TRANSFORMER]: Removed 81 rows as outliers
18:03:14 [DATA_TRANSFORMER]: Handling missing values fit=True | strategies={'num': 'mean', 'cat': 'mode', 'dt': 'drop'}
18:03:14 [DATA_TRANSFORMER]: [Scale] strategy='robust', fit=True
18:03:14 [DATA_TRANSFORMER]: [Encode] strategy='onehot', fit=False
18:03:14 [DATA_TRANSFORMER]: Handling missing values fit=False | strategies={'num': 'mean', 'cat': 'mode', 'dt': 'drop'}
18:03:14 [DATA_TRANSFORMER]: [Scale] strategy='robust', fit=False
18:03:14 [MODEL_TRAINER]: Setting processed training data (separating X and y)...
18:03:14 [MODEL_TRAINER]: Ready for training. X_train: (684, 6), X_test: (192, 6)
18:03:14 [MODEL_TRAINER]: Initialized 5 models: ['ElasticNet', 'RandomForest', 'LightGBM', 'XGBoost', 'DecisionTree']
18:03:14 [MODEL_TRAINER]: Starting model training...
18:03:14 [MODEL_TRAINER]: Training ElasticNet...
18:03:14 [MODEL_TRAINER]: ✓ ElasticNet trained successfully
18:03:14 [MODEL_TRAINER]: Training RandomForest...
18:03:14 [MODEL_TRAINER]: ✓ RandomForest trained successfully
18:03:14 [MODEL_TRAINER]: Training LightGBM...
18:03:14 [MODEL_TRAINER]: ✓ LightGBM trained successfully
18:03:14 [MODEL_TRAINER]: Training XGBoost...
18:03:14 [MODEL_TRAINER]: ✓ XGBoost trained successfully
18:03:14 [MODEL_TRAINER]: Training DecisionTree...
18:03:14 [MODEL_TRAINER]: ✓ DecisionTree trained successfully
18:03:14 [MODEL_TRAINER]: Training completed. 5/5 models trained successfully
18:03:14 [MODEL_TRAINER]: Evaluating models...
18:03:14 [MODEL_EVALUATOR]: ✓ ElasticNet evaluated: RMSE=3.7486, MAE=2.4648, R2=0.5431
18:03:14 [MODEL_EVALUATOR]: ✓ RandomForest evaluated: RMSE=2.2118, MAE=1.1430, R2=0.8409
18:03:14 [MODEL_EVALUATOR]: ✓ LightGBM evaluated: RMSE=2.6439, MAE=1.3577, R2=0.7727
18:03:14 [MODEL_EVALUATOR]: ✓ XGBoost evaluated: RMSE=2.0407, MAE=1.1079, R2=0.8646
18:03:14 [MODEL_EVALUATOR]: ✓ DecisionTree evaluated: RMSE=2.8217, MAE=1.3932, R2=0.7411
18:03:14 [EXPERIMENT]: === Run 4/24: num=mean, scale=standard, outlier=isolation_forest ===
18:03:14 [DATA_IO]: Loading data from data/raw/FastFoodNutritionMenuV3.csv...
18:03:14 [DATA_IO]: Cleaning column names...
18:03:14 [DATA_IO]: Column names cleaned successfully.
18:03:14 [DATA_TRANSFORMER]: Auto-detecting numeric columns (threshold=80%)...
18:03:14 [DATA_TRANSFORMER]: Auto-converted 12 columns to numeric: ['calories', 'calories_from_fat', 'total_fat_g', 'saturated_fat_g', 'trans_fat_g', 'cholesterol_mg', 'sodium_mg', 'carbs_g', 'fiber_g', 'sugars_g', 'protein_g', 'weight_watchers_pnts']
18:03:14 [PREPROCESSOR]: Numeric cols: ['calories', 'calories_from_fat', 'total_fat_g', 'saturated_fat_g', 'trans_fat_g', 'cholesterol_mg', 'sodium_mg', 'carbs_g', 'fiber_g', 'sugars_g', 'protein_g', 'weight_watchers_pnts']
18:03:14 [PREPROCESSOR]: Categorical cols: ['company', 'item']
18:03:14 [PREPROCESSOR]: Datetime cols: []
18:03:14 [DATA_TRANSFORMER]: Converting columns to datetime...
18:03:14 [PREPROCESSOR]: Numeric cols: ['calories', 'calories_from_fat', 'total_fat_g', 'saturated_fat_g', 'trans_fat_g', 'cholesterol_mg', 'sodium_mg', 'carbs_g', 'fiber_g', 'sugars_g', 'protein_g', 'weight_watchers_pnts']
18:03:14 [PREPROCESSOR]: Categorical cols: ['company', 'item']
18:03:14 [PREPROCESSOR]: Datetime cols: []
18:03:14 [DATA_TRANSFORMER]: Dropping features: ['calories_from_fat', 'weight_watchers_pnts', 'company', 'item', 'total_fat_g', 'calories', 'trans_fat_g']
18:03:14 [PREPROCESSOR]: Numeric cols: ['saturated_fat_g', 'cholesterol_mg', 'sodium_mg', 'carbs_g', 'fiber_g', 'sugars_g', 'protein_g']
18:03:14 [PREPROCESSOR]: Categorical cols: []
18:03:14 [PREPROCESSOR]: Datetime cols: []
18:03:14 [DATA_TRANSFORMER]: Cleaning negative values in all numeric columns...
18:03:14 [DATA_TRANSFORMER]: Removed 138 duplicate rows
18:03:14 [DATA_TRANSFORMER]: Dropped 52 rows with null target 'saturated_fat_g'
18:03:14 [MODEL_TRAINER]: ModelTrainer initialized with random_state=42, n_jobs=1
18:03:14 [MODEL_TRAINER]: Data loaded: 957 rows, 7 columns
18:03:14 [MODEL_TRAINER]: Target column: 'saturated_fat_g'
18:03:14 [MODEL_TRAINER]: Splitting data into Train and Test sets...
18:03:14 [MODEL_TRAINER]: Split complete. Train shape: (765, 7), Test shape: (192, 7)
18:03:14 [DATA_TRANSFORMER]: [Encode] strategy='onehot', fit=True
18:03:14 [DATA_TRANSFORMER]: [Outlier] method='isolation_forest' - Removing outliers
18:03:14 [DATA_TRANSFORMER]: Removed 100 rows as outliers
18:03:14 [DATA_TRANSFORMER]: Handling missing values fit=True | strategies={'num': 'mean', 'cat': 'mode', 'dt': 'drop'}
18:03:14 [DATA_TRANSFORMER]: [Scale] strategy='standard', fit=True
18:03:14 [DATA_TRANSFORMER]: [Encode] strategy='onehot', fit=False
18:03:14 [DATA_TRANSFORMER]: Handling missing values fit=False | strategies={'num': 'mean', 'cat': 'mode', 'dt': 'drop'}
18:03:14 [DATA_TRANSFORMER]: [Scale] strategy='standard', fit=False
18:03:14 [MODEL_TRAINER]: Setting processed training data (separating X and y)...
18:03:14 [MODEL_TRAINER]: Ready for training. X_train: (665, 6), X_test: (192, 6)
18:03:14 [MODEL_TRAINER]: Initialized 5 models: ['ElasticNet', 'RandomForest', 'LightGBM', 'XGBoost', 'DecisionTree']
18:03:14 [MODEL_TRAINER]: Starting model training...
18:03:14 [MODEL_TRAINER]: Training ElasticNet...
18:03:14 [MODEL_TRAINER]: ✓ ElasticNet trained successfully
18:03:14 [MODEL_TRAINER]: Training RandomForest...
18:03:14 [MODEL_TRAINER]: ✓ RandomForest trained successfully
18:03:14 [MODEL_TRAINER]: Training LightGBM...
18:03:14 [MODEL_TRAINER]: ✓ LightGBM trained successfully
18:03:14 [MODEL_TRAINER]: Training XGBoost...
18:03:14 [MODEL_TRAINER]: ✓ XGBoost trained successfully
18:03:14 [MODEL_TRAINER]: Training DecisionTree...
18:03:14 [MODEL_TRAINER]: ✓ DecisionTree trained successfully
18:03:14 [MODEL_TRAINER]: Training completed. 5/5 models trained successfully
18:03:14 [MODEL_TRAINER]: Evaluating models...
18:03:14 [MODEL_EVALUATOR]: ✓ ElasticNet evaluated: RMSE=3.6717, MAE=2.3277, R2=0.5617
18:03:14 [MODEL_EVALUATOR]: ✓ RandomForest evaluated: RMSE=2.7048, MAE=1.2095, R2=0.7621
18:03:14 [MODEL_EVALUATOR]: ✓ LightGBM evaluated: RMSE=2.6977, MAE=1.2270, R2=0.7634
18:03:14 [MODEL_EVALUATOR]: ✓ XGBoost evaluated: RMSE=3.1460, MAE=1.3562, R2=0.6782
18:03:14 [MODEL_EVALUATOR]: ✓ DecisionTree evaluated: RMSE=3.0214, MAE=1.3880, R2=0.7032
18:03:14 [EXPERIMENT]: === Run 5/24: num=mean, scale=standard, outlier=iqr ===
18:03:14 [DATA_IO]: Loading data from data/raw/FastFoodNutritionMenuV3.csv...
18:03:14 [DATA_IO]: Cleaning column names...
18:03:14 [DATA_IO]: Column names cleaned successfully.
18:03:14 [DATA_TRANSFORMER]: Auto-detecting numeric columns (threshold=80%)...
18:03:14 [DATA_TRANSFORMER]: Auto-converted 12 columns to numeric: ['calories', 'calories_from_fat', 'total_fat_g', 'saturated_fat_g', 'trans_fat_g', 'cholesterol_mg', 'sodium_mg', 'carbs_g', 'fiber_g', 'sugars_g', 'protein_g', 'weight_watchers_pnts']
18:03:14 [PREPROCESSOR]: Numeric cols: ['calories', 'calories_from_fat', 'total_fat_g', 'saturated_fat_g', 'trans_fat_g', 'cholesterol_mg', 'sodium_mg', 'carbs_g', 'fiber_g', 'sugars_g', 'protein_g', 'weight_watchers_pnts']
18:03:14 [PREPROCESSOR]: Categorical cols: ['company', 'item']
18:03:14 [PREPROCESSOR]: Datetime cols: []
18:03:14 [DATA_TRANSFORMER]: Converting columns to datetime...
18:03:14 [PREPROCESSOR]: Numeric cols: ['calories', 'calories_from_fat', 'total_fat_g', 'saturated_fat_g', 'trans_fat_g', 'cholesterol_mg', 'sodium_mg', 'carbs_g', 'fiber_g', 'sugars_g', 'protein_g', 'weight_watchers_pnts']
18:03:14 [PREPROCESSOR]: Categorical cols: ['company', 'item']
18:03:14 [PREPROCESSOR]: Datetime cols: []
18:03:14 [DATA_TRANSFORMER]: Dropping features: ['calories_from_fat', 'weight_watchers_pnts', 'company', 'item', 'total_fat_g', 'calories', 'trans_fat_g']
18:03:14 [PREPROCESSOR]: Numeric cols: ['saturated_fat_g', 'cholesterol_mg', 'sodium_mg', 'carbs_g', 'fiber_g', 'sugars_g', 'protein_g']
18:03:14 [PREPROCESSOR]: Categorical cols: []
18:03:14 [PREPROCESSOR]: Datetime cols: []
18:03:14 [DATA_TRANSFORMER]: Cleaning negative values in all numeric columns...
18:03:14 [DATA_TRANSFORMER]: Removed 138 duplicate rows
18:03:14 [DATA_TRANSFORMER]: Dropped 52 rows with null target 'saturated_fat_g'
18:03:14 [MODEL_TRAINER]: ModelTrainer initialized with random_state=42, n_jobs=1
18:03:14 [MODEL_TRAINER]: Data loaded: 957 rows, 7 columns
18:03:14 [MODEL_TRAINER]: Target column: 'saturated_fat_g'
18:03:14 [MODEL_TRAINER]: Splitting data into Train and Test sets...
18:03:14 [MODEL_TRAINER]: Split complete. Train shape: (765, 7), Test shape: (192, 7)
18:03:14 [DATA_TRANSFORMER]: [Encode] strategy='onehot', fit=True
18:03:14 [DATA_TRANSFORMER]: [Outlier] method='iqr' - Removing outliers
18:03:14 [DATA_TRANSFORMER]: Removed 176 rows as outliers
18:03:14 [DATA_TRANSFORMER]: Handling missing values fit=True | strategies={'num': 'mean', 'cat': 'mode', 'dt': 'drop'}
18:03:14 [DATA_TRANSFORMER]: [Scale] strategy='standard', fit=True
18:03:14 [DATA_TRANSFORMER]: [Encode] strategy='onehot', fit=False
18:03:14 [DATA_TRANSFORMER]: Handling missing values fit=False | strategies={'num': 'mean', 'cat': 'mode', 'dt': 'drop'}
18:03:14 [DATA_TRANSFORMER]: [Scale] strategy='standard', fit=False
18:03:14 [MODEL_TRAINER]: Setting processed training data (separating X and y)...
18:03:14 [MODEL_TRAINER]: Ready for training. X_train: (589, 6), X_test: (192, 6)
18:03:14 [MODEL_TRAINER]: Initialized 5 models: ['ElasticNet', 'RandomForest', 'LightGBM', 'XGBoost', 'DecisionTree']
18:03:14 [MODEL_TRAINER]: Starting model training...
18:03:14 [MODEL_TRAINER]: Training ElasticNet...
18:03:14 [MODEL_TRAINER]: ✓ ElasticNet trained successfully
18:03:14 [MODEL_TRAINER]: Training RandomForest...
18:03:14 [MODEL_TRAINER]: ✓ RandomForest trained successfully
18:03:14 [MODEL_TRAINER]: Training LightGBM...
18:03:14 [MODEL_TRAINER]: ✓ LightGBM trained successfully
18:03:14 [MODEL_TRAINER]: Training XGBoost...
18:03:14 [MODEL_TRAINER]: ✓ XGBoost trained successfully
18:03:14 [MODEL_TRAINER]: Training DecisionTree...
18:03:14 [MODEL_TRAINER]: ✓ DecisionTree trained successfully
18:03:14 [MODEL_TRAINER]: Training completed. 5/5 models trained successfully
18:03:14 [MODEL_TRAINER]: Evaluating models...
18:03:14 [MODEL_EVALUATOR]: ✓ ElasticNet evaluated: RMSE=3.5082, MAE=2.2656, R2=0.5998
18:03:14 [MODEL_EVALUATOR]: ✓ RandomForest evaluated: RMSE=2.5854, MAE=1.1860, R2=0.7827
18:03:14 [MODEL_EVALUATOR]: ✓ LightGBM evaluated: RMSE=2.8268, MAE=1.3217, R2=0.7402
18:03:14 [MODEL_EVALUATOR]: ✓ XGBoost evaluated: RMSE=2.6874, MAE=1.2833, R2=0.7652
18:03:14 [MODEL_EVALUATOR]: ✓ DecisionTree evaluated: RMSE=2.6489, MAE=1.2578, R2=0.7719
18:03:14 [EXPERIMENT]: === Run 6/24: num=mean, scale=standard, outlier=zscore ===
18:03:14 [DATA_IO]: Loading data from data/raw/FastFoodNutritionMenuV3.csv...
18:03:14 [DATA_IO]: Cleaning column names...
18:03:14 [DATA_IO]: Column names cleaned successfully.
18:03:14 [DATA_TRANSFORMER]: Auto-detecting numeric columns (threshold=80%)...
18:03:14 [DATA_TRANSFORMER]: Auto-converted 12 columns to numeric: ['calories', 'calories_from_fat', 'total_fat_g', 'saturated_fat_g', 'trans_fat_g', 'cholesterol_mg', 'sodium_mg', 'carbs_g', 'fiber_g', 'sugars_g', 'protein_g', 'weight_watchers_pnts']
18:03:14 [PREPROCESSOR]: Numeric cols: ['calories', 'calories_from_fat', 'total_fat_g', 'saturated_fat_g', 'trans_fat_g', 'cholesterol_mg', 'sodium_mg', 'carbs_g', 'fiber_g', 'sugars_g', 'protein_g', 'weight_watchers_pnts']
18:03:14 [PREPROCESSOR]: Categorical cols: ['company', 'item']
18:03:14 [PREPROCESSOR]: Datetime cols: []
18:03:14 [DATA_TRANSFORMER]: Converting columns to datetime...
18:03:14 [PREPROCESSOR]: Numeric cols: ['calories', 'calories_from_fat', 'total_fat_g', 'saturated_fat_g', 'trans_fat_g', 'cholesterol_mg', 'sodium_mg', 'carbs_g', 'fiber_g', 'sugars_g', 'protein_g', 'weight_watchers_pnts']
18:03:14 [PREPROCESSOR]: Categorical cols: ['company', 'item']
18:03:14 [PREPROCESSOR]: Datetime cols: []
18:03:14 [DATA_TRANSFORMER]: Dropping features: ['calories_from_fat', 'weight_watchers_pnts', 'company', 'item', 'total_fat_g', 'calories', 'trans_fat_g']
18:03:14 [PREPROCESSOR]: Numeric cols: ['saturated_fat_g', 'cholesterol_mg', 'sodium_mg', 'carbs_g', 'fiber_g', 'sugars_g', 'protein_g']
18:03:14 [PREPROCESSOR]: Categorical cols: []
18:03:14 [PREPROCESSOR]: Datetime cols: []
18:03:14 [DATA_TRANSFORMER]: Cleaning negative values in all numeric columns...
18:03:14 [DATA_TRANSFORMER]: Removed 138 duplicate rows
18:03:14 [DATA_TRANSFORMER]: Dropped 52 rows with null target 'saturated_fat_g'
18:03:14 [MODEL_TRAINER]: ModelTrainer initialized with random_state=42, n_jobs=1
18:03:14 [MODEL_TRAINER]: Data loaded: 957 rows, 7 columns
18:03:14 [MODEL_TRAINER]: Target column: 'saturated_fat_g'
18:03:14 [MODEL_TRAINER]: Splitting data into Train and Test sets...
18:03:14 [MODEL_TRAINER]: Split complete. Train shape: (765, 7), Test shape: (192, 7)
18:03:14 [DATA_TRANSFORMER]: [Encode] strategy='onehot', fit=True
18:03:14 [DATA_TRANSFORMER]: [Outlier] method='zscore' - Removing outliers
18:03:14 [DATA_TRANSFORMER]: Removed 81 rows as outliers
18:03:14 [DATA_TRANSFORMER]: Handling missing values fit=True | strategies={'num': 'mean', 'cat': 'mode', 'dt': 'drop'}
18:03:14 [DATA_TRANSFORMER]: [Scale] strategy='standard', fit=True
18:03:14 [DATA_TRANSFORMER]: [Encode] strategy='onehot', fit=False
18:03:14 [DATA_TRANSFORMER]: Handling missing values fit=False | strategies={'num': 'mean', 'cat': 'mode', 'dt': 'drop'}
18:03:14 [DATA_TRANSFORMER]: [Scale] strategy='standard', fit=False
18:03:14 [MODEL_TRAINER]: Setting processed training data (separating X and y)...
18:03:14 [MODEL_TRAINER]: Ready for training. X_train: (684, 6), X_test: (192, 6)
18:03:14 [MODEL_TRAINER]: Initialized 5 models: ['ElasticNet', 'RandomForest', 'LightGBM', 'XGBoost', 'DecisionTree']
18:03:14 [MODEL_TRAINER]: Starting model training...
18:03:14 [MODEL_TRAINER]: Training ElasticNet...
18:03:14 [MODEL_TRAINER]: ✓ ElasticNet trained successfully
18:03:14 [MODEL_TRAINER]: Training RandomForest...
18:03:14 [MODEL_TRAINER]: ✓ RandomForest trained successfully
18:03:14 [MODEL_TRAINER]: Training LightGBM...
18:03:14 [MODEL_TRAINER]: ✓ LightGBM trained successfully
18:03:14 [MODEL_TRAINER]: Training XGBoost...
18:03:14 [MODEL_TRAINER]: ✓ XGBoost trained successfully
18:03:14 [MODEL_TRAINER]: Training DecisionTree...
18:03:14 [MODEL_TRAINER]: ✓ DecisionTree trained successfully
18:03:14 [MODEL_TRAINER]: Training completed. 5/5 models trained successfully
18:03:14 [MODEL_TRAINER]: Evaluating models...
18:03:14 [MODEL_EVALUATOR]: ✓ ElasticNet evaluated: RMSE=3.5644, MAE=2.3350, R2=0.5869
18:03:14 [MODEL_EVALUATOR]: ✓ RandomForest evaluated: RMSE=2.2150, MAE=1.1468, R2=0.8405
18:03:14 [MODEL_EVALUATOR]: ✓ LightGBM evaluated: RMSE=2.6439, MAE=1.3577, R2=0.7727
18:03:14 [MODEL_EVALUATOR]: ✓ XGBoost evaluated: RMSE=2.0407, MAE=1.1079, R2=0.8646
18:03:14 [MODEL_EVALUATOR]: ✓ DecisionTree evaluated: RMSE=2.8289, MAE=1.4115, R2=0.7398
18:03:14 [EXPERIMENT]: === Run 7/24: num=median, scale=robust, outlier=isolation_forest ===
18:03:14 [DATA_IO]: Loading data from data/raw/FastFoodNutritionMenuV3.csv...
18:03:14 [DATA_IO]: Cleaning column names...
18:03:14 [DATA_IO]: Column names cleaned successfully.
18:03:14 [DATA_TRANSFORMER]: Auto-detecting numeric columns (threshold=80%)...
18:03:14 [DATA_TRANSFORMER]: Auto-converted 12 columns to numeric: ['calories', 'calories_from_fat', 'total_fat_g', 'saturated_fat_g', 'trans_fat_g', 'cholesterol_mg', 'sodium_mg', 'carbs_g', 'fiber_g', 'sugars_g', 'protein_g', 'weight_watchers_pnts']
18:03:14 [PREPROCESSOR]: Numeric cols: ['calories', 'calories_from_fat', 'total_fat_g', 'saturated_fat_g', 'trans_fat_g', 'cholesterol_mg', 'sodium_mg', 'carbs_g', 'fiber_g', 'sugars_g', 'protein_g', 'weight_watchers_pnts']
18:03:14 [PREPROCESSOR]: Categorical cols: ['company', 'item']
18:03:14 [PREPROCESSOR]: Datetime cols: []
18:03:14 [DATA_TRANSFORMER]: Converting columns to datetime...
18:03:14 [PREPROCESSOR]: Numeric cols: ['calories', 'calories_from_fat', 'total_fat_g', 'saturated_fat_g', 'trans_fat_g', 'cholesterol_mg', 'sodium_mg', 'carbs_g', 'fiber_g', 'sugars_g', 'protein_g', 'weight_watchers_pnts']
18:03:14 [PREPROCESSOR]: Categorical cols: ['company', 'item']
18:03:14 [PREPROCESSOR]: Datetime cols: []
18:03:14 [DATA_TRANSFORMER]: Dropping features: ['calories_from_fat', 'weight_watchers_pnts', 'company', 'item', 'total_fat_g', 'calories', 'trans_fat_g']
18:03:14 [PREPROCESSOR]: Numeric cols: ['saturated_fat_g', 'cholesterol_mg', 'sodium_mg', 'carbs_g', 'fiber_g', 'sugars_g', 'protein_g']
18:03:14 [PREPROCESSOR]: Categorical cols: []
18:03:14 [PREPROCESSOR]: Datetime cols: []
18:03:14 [DATA_TRANSFORMER]: Cleaning negative values in all numeric columns...
18:03:14 [DATA_TRANSFORMER]: Removed 138 duplicate rows
18:03:14 [DATA_TRANSFORMER]: Dropped 52 rows with null target 'saturated_fat_g'
18:03:14 [MODEL_TRAINER]: ModelTrainer initialized with random_state=42, n_jobs=1
18:03:14 [MODEL_TRAINER]: Data loaded: 957 rows, 7 columns
18:03:14 [MODEL_TRAINER]: Target column: 'saturated_fat_g'
18:03:14 [MODEL_TRAINER]: Splitting data into Train and Test sets...
18:03:14 [MODEL_TRAINER]: Split complete. Train shape: (765, 7), Test shape: (192, 7)
18:03:14 [DATA_TRANSFORMER]: [Encode] strategy='onehot', fit=True
18:03:14 [DATA_TRANSFORMER]: [Outlier] method='isolation_forest' - Removing outliers
18:03:15 [DATA_TRANSFORMER]: Removed 100 rows as outliers
18:03:15 [DATA_TRANSFORMER]: Handling missing values fit=True | strategies={'num': 'median', 'cat': 'mode', 'dt': 'drop'}
18:03:15 [DATA_TRANSFORMER]: [Scale] strategy='robust', fit=True
18:03:15 [DATA_TRANSFORMER]: [Encode] strategy='onehot', fit=False
18:03:15 [DATA_TRANSFORMER]: Handling missing values fit=False | strategies={'num': 'median', 'cat': 'mode', 'dt': 'drop'}
18:03:15 [DATA_TRANSFORMER]: [Scale] strategy='robust', fit=False
18:03:15 [MODEL_TRAINER]: Setting processed training data (separating X and y)...
18:03:15 [MODEL_TRAINER]: Ready for training. X_train: (665, 6), X_test: (192, 6)
18:03:15 [MODEL_TRAINER]: Initialized 5 models: ['ElasticNet', 'RandomForest', 'LightGBM', 'XGBoost', 'DecisionTree']
18:03:15 [MODEL_TRAINER]: Starting model training...
18:03:15 [MODEL_TRAINER]: Training ElasticNet...
18:03:15 [MODEL_TRAINER]: ✓ ElasticNet trained successfully
18:03:15 [MODEL_TRAINER]: Training RandomForest...
18:03:15 [MODEL_TRAINER]: ✓ RandomForest trained successfully
18:03:15 [MODEL_TRAINER]: Training LightGBM...
18:03:15 [MODEL_TRAINER]: ✓ LightGBM trained successfully
18:03:15 [MODEL_TRAINER]: Training XGBoost...
18:03:15 [MODEL_TRAINER]: ✓ XGBoost trained successfully
18:03:15 [MODEL_TRAINER]: Training DecisionTree...
18:03:15 [MODEL_TRAINER]: ✓ DecisionTree trained successfully
18:03:15 [MODEL_TRAINER]: Training completed. 5/5 models trained successfully
18:03:15 [MODEL_TRAINER]: Evaluating models...
18:03:15 [MODEL_EVALUATOR]: ✓ ElasticNet evaluated: RMSE=3.8246, MAE=2.4493, R2=0.5244
18:03:15 [MODEL_EVALUATOR]: ✓ RandomForest evaluated: RMSE=2.6798, MAE=1.1844, R2=0.7665
18:03:15 [MODEL_EVALUATOR]: ✓ LightGBM evaluated: RMSE=2.7090, MAE=1.2421, R2=0.7614
18:03:15 [MODEL_EVALUATOR]: ✓ XGBoost evaluated: RMSE=3.0077, MAE=1.3346, R2=0.7059
18:03:15 [MODEL_EVALUATOR]: ✓ DecisionTree evaluated: RMSE=3.0687, MAE=1.4323, R2=0.6938
18:03:15 [EXPERIMENT]: === Run 8/24: num=median, scale=robust, outlier=iqr ===
18:03:15 [DATA_IO]: Loading data from data/raw/FastFoodNutritionMenuV3.csv...
18:03:15 [DATA_IO]: Cleaning column names...
18:03:15 [DATA_IO]: Column names cleaned successfully.
18:03:15 [DATA_TRANSFORMER]: Auto-detecting numeric columns (threshold=80%)...
18:03:15 [DATA_TRANSFORMER]: Auto-converted 12 columns to numeric: ['calories', 'calories_from_fat', 'total_fat_g', 'saturated_fat_g', 'trans_fat_g', 'cholesterol_mg', 'sodium_mg', 'carbs_g', 'fiber_g', 'sugars_g', 'protein_g', 'weight_watchers_pnts']
18:03:15 [PREPROCESSOR]: Numeric cols: ['calories', 'calories_from_fat', 'total_fat_g', 'saturated_fat_g', 'trans_fat_g', 'cholesterol_mg', 'sodium_mg', 'carbs_g', 'fiber_g', 'sugars_g', 'protein_g', 'weight_watchers_pnts']
18:03:15 [PREPROCESSOR]: Categorical cols: ['company', 'item']
18:03:15 [PREPROCESSOR]: Datetime cols: []
18:03:15 [DATA_TRANSFORMER]: Converting columns to datetime...
18:03:15 [PREPROCESSOR]: Numeric cols: ['calories', 'calories_from_fat', 'total_fat_g', 'saturated_fat_g', 'trans_fat_g', 'cholesterol_mg', 'sodium_mg', 'carbs_g', 'fiber_g', 'sugars_g', 'protein_g', 'weight_watchers_pnts']
18:03:15 [PREPROCESSOR]: Categorical cols: ['company', 'item']
18:03:15 [PREPROCESSOR]: Datetime cols: []
18:03:15 [DATA_TRANSFORMER]: Dropping features: ['calories_from_fat', 'weight_watchers_pnts', 'company', 'item', 'total_fat_g', 'calories', 'trans_fat_g']
18:03:15 [PREPROCESSOR]: Numeric cols: ['saturated_fat_g', 'cholesterol_mg', 'sodium_mg', 'carbs_g', 'fiber_g', 'sugars_g', 'protein_g']
18:03:15 [PREPROCESSOR]: Categorical cols: []
18:03:15 [PREPROCESSOR]: Datetime cols: []
18:03:15 [DATA_TRANSFORMER]: Cleaning negative values in all numeric columns...
18:03:15 [DATA_TRANSFORMER]: Removed 138 duplicate rows
18:03:15 [DATA_TRANSFORMER]: Dropped 52 rows with null target 'saturated_fat_g'
18:03:15 [MODEL_TRAINER]: ModelTrainer initialized with random_state=42, n_jobs=1
18:03:15 [MODEL_TRAINER]: Data loaded: 957 rows, 7 columns
18:03:15 [MODEL_TRAINER]: Target column: 'saturated_fat_g'
18:03:15 [MODEL_TRAINER]: Splitting data into Train and Test sets...
18:03:15 [MODEL_TRAINER]: Split complete. Train shape: (765, 7), Test shape: (192, 7)
18:03:15 [DATA_TRANSFORMER]: [Encode] strategy='onehot', fit=True
18:03:15 [DATA_TRANSFORMER]: [Outlier] method='iqr' - Removing outliers
18:03:15 [DATA_TRANSFORMER]: Removed 176 rows as outliers
18:03:15 [DATA_TRANSFORMER]: Handling missing values fit=True | strategies={'num': 'median', 'cat': 'mode', 'dt': 'drop'}
18:03:15 [DATA_TRANSFORMER]: [Scale] strategy='robust', fit=True
18:03:15 [DATA_TRANSFORMER]: [Encode] strategy='onehot', fit=False
18:03:15 [DATA_TRANSFORMER]: Handling missing values fit=False | strategies={'num': 'median', 'cat': 'mode', 'dt': 'drop'}
18:03:15 [DATA_TRANSFORMER]: [Scale] strategy='robust', fit=False
18:03:15 [MODEL_TRAINER]: Setting processed training data (separating X and y)...
18:03:15 [MODEL_TRAINER]: Ready for training. X_train: (589, 6), X_test: (192, 6)
18:03:15 [MODEL_TRAINER]: Initialized 5 models: ['ElasticNet', 'RandomForest', 'LightGBM', 'XGBoost', 'DecisionTree']
18:03:15 [MODEL_TRAINER]: Starting model training...
18:03:15 [MODEL_TRAINER]: Training ElasticNet...
18:03:15 [MODEL_TRAINER]: ✓ ElasticNet trained successfully
18:03:15 [MODEL_TRAINER]: Training RandomForest...
18:03:15 [MODEL_TRAINER]: ✓ RandomForest trained successfully
18:03:15 [MODEL_TRAINER]: Training LightGBM...
18:03:15 [MODEL_TRAINER]: ✓ LightGBM trained successfully
18:03:15 [MODEL_TRAINER]: Training XGBoost...
18:03:15 [MODEL_TRAINER]: ✓ XGBoost trained successfully
18:03:15 [MODEL_TRAINER]: Training DecisionTree...
18:03:15 [MODEL_TRAINER]: ✓ DecisionTree trained successfully
18:03:15 [MODEL_TRAINER]: Training completed. 5/5 models trained successfully
18:03:15 [MODEL_TRAINER]: Evaluating models...
18:03:15 [MODEL_EVALUATOR]: ✓ ElasticNet evaluated: RMSE=3.7246, MAE=2.4205, R2=0.5489
18:03:15 [MODEL_EVALUATOR]: ✓ RandomForest evaluated: RMSE=2.5618, MAE=1.1729, R2=0.7866
18:03:15 [MODEL_EVALUATOR]: ✓ LightGBM evaluated: RMSE=2.8301, MAE=1.3236, R2=0.7396
18:03:15 [MODEL_EVALUATOR]: ✓ XGBoost evaluated: RMSE=2.7068, MAE=1.3004, R2=0.7618
18:03:15 [MODEL_EVALUATOR]: ✓ DecisionTree evaluated: RMSE=2.6698, MAE=1.2656, R2=0.7683
18:03:15 [EXPERIMENT]: === Run 9/24: num=median, scale=robust, outlier=zscore ===
18:03:15 [DATA_IO]: Loading data from data/raw/FastFoodNutritionMenuV3.csv...
18:03:15 [DATA_IO]: Cleaning column names...
18:03:15 [DATA_IO]: Column names cleaned successfully.
18:03:15 [DATA_TRANSFORMER]: Auto-detecting numeric columns (threshold=80%)...
18:03:15 [DATA_TRANSFORMER]: Auto-converted 12 columns to numeric: ['calories', 'calories_from_fat', 'total_fat_g', 'saturated_fat_g', 'trans_fat_g', 'cholesterol_mg', 'sodium_mg', 'carbs_g', 'fiber_g', 'sugars_g', 'protein_g', 'weight_watchers_pnts']
18:03:15 [PREPROCESSOR]: Numeric cols: ['calories', 'calories_from_fat', 'total_fat_g', 'saturated_fat_g', 'trans_fat_g', 'cholesterol_mg', 'sodium_mg', 'carbs_g', 'fiber_g', 'sugars_g', 'protein_g', 'weight_watchers_pnts']
18:03:15 [PREPROCESSOR]: Categorical cols: ['company', 'item']
18:03:15 [PREPROCESSOR]: Datetime cols: []
18:03:15 [DATA_TRANSFORMER]: Converting columns to datetime...
18:03:15 [PREPROCESSOR]: Numeric cols: ['calories', 'calories_from_fat', 'total_fat_g', 'saturated_fat_g', 'trans_fat_g', 'cholesterol_mg', 'sodium_mg', 'carbs_g', 'fiber_g', 'sugars_g', 'protein_g', 'weight_watchers_pnts']
18:03:15 [PREPROCESSOR]: Categorical cols: ['company', 'item']
18:03:15 [PREPROCESSOR]: Datetime cols: []
18:03:15 [DATA_TRANSFORMER]: Dropping features: ['calories_from_fat', 'weight_watchers_pnts', 'company', 'item', 'total_fat_g', 'calories', 'trans_fat_g']
18:03:15 [PREPROCESSOR]: Numeric cols: ['saturated_fat_g', 'cholesterol_mg', 'sodium_mg', 'carbs_g', 'fiber_g', 'sugars_g', 'protein_g']
18:03:15 [PREPROCESSOR]: Categorical cols: []
18:03:15 [PREPROCESSOR]: Datetime cols: []
18:03:15 [DATA_TRANSFORMER]: Cleaning negative values in all numeric columns...
18:03:15 [DATA_TRANSFORMER]: Removed 138 duplicate rows
18:03:15 [DATA_TRANSFORMER]: Dropped 52 rows with null target 'saturated_fat_g'
18:03:15 [MODEL_TRAINER]: ModelTrainer initialized with random_state=42, n_jobs=1
18:03:15 [MODEL_TRAINER]: Data loaded: 957 rows, 7 columns
18:03:15 [MODEL_TRAINER]: Target column: 'saturated_fat_g'
18:03:15 [MODEL_TRAINER]: Splitting data into Train and Test sets...
18:03:15 [MODEL_TRAINER]: Split complete. Train shape: (765, 7), Test shape: (192, 7)
18:03:15 [DATA_TRANSFORMER]: [Encode] strategy='onehot', fit=True
18:03:15 [DATA_TRANSFORMER]: [Outlier] method='zscore' - Removing outliers
18:03:15 [DATA_TRANSFORMER]: Removed 81 rows as outliers
18:03:15 [DATA_TRANSFORMER]: Handling missing values fit=True | strategies={'num': 'median', 'cat': 'mode', 'dt': 'drop'}
18:03:15 [DATA_TRANSFORMER]: [Scale] strategy='robust', fit=True
18:03:15 [DATA_TRANSFORMER]: [Encode] strategy='onehot', fit=False
18:03:15 [DATA_TRANSFORMER]: Handling missing values fit=False | strategies={'num': 'median', 'cat': 'mode', 'dt': 'drop'}
18:03:15 [DATA_TRANSFORMER]: [Scale] strategy='robust', fit=False
18:03:15 [MODEL_TRAINER]: Setting processed training data (separating X and y)...
18:03:15 [MODEL_TRAINER]: Ready for training. X_train: (684, 6), X_test: (192, 6)
18:03:15 [MODEL_TRAINER]: Initialized 5 models: ['ElasticNet', 'RandomForest', 'LightGBM', 'XGBoost', 'DecisionTree']
18:03:15 [MODEL_TRAINER]: Starting model training...
18:03:15 [MODEL_TRAINER]: Training ElasticNet...
18:03:15 [MODEL_TRAINER]: ✓ ElasticNet trained successfully
18:03:15 [MODEL_TRAINER]: Training RandomForest...
18:03:15 [MODEL_TRAINER]: ✓ RandomForest trained successfully
18:03:15 [MODEL_TRAINER]: Training LightGBM...
18:03:15 [MODEL_TRAINER]: ✓ LightGBM trained successfully
18:03:15 [MODEL_TRAINER]: Training XGBoost...
18:03:15 [MODEL_TRAINER]: ✓ XGBoost trained successfully
18:03:15 [MODEL_TRAINER]: Training DecisionTree...
18:03:15 [MODEL_TRAINER]: ✓ DecisionTree trained successfully
18:03:15 [MODEL_TRAINER]: Training completed. 5/5 models trained successfully
18:03:15 [MODEL_TRAINER]: Evaluating models...
18:03:15 [MODEL_EVALUATOR]: ✓ ElasticNet evaluated: RMSE=3.7492, MAE=2.4618, R2=0.5430
18:03:15 [MODEL_EVALUATOR]: ✓ RandomForest evaluated: RMSE=2.1937, MAE=1.1223, R2=0.8435
18:03:15 [MODEL_EVALUATOR]: ✓ LightGBM evaluated: RMSE=2.6358, MAE=1.3377, R2=0.7741
18:03:15 [MODEL_EVALUATOR]: ✓ XGBoost evaluated: RMSE=2.0270, MAE=1.0820, R2=0.8664
18:03:15 [MODEL_EVALUATOR]: ✓ DecisionTree evaluated: RMSE=2.8062, MAE=1.3698, R2=0.7440
18:03:15 [EXPERIMENT]: === Run 10/24: num=median, scale=standard, outlier=isolation_forest ===
18:03:15 [DATA_IO]: Loading data from data/raw/FastFoodNutritionMenuV3.csv...
18:03:15 [DATA_IO]: Cleaning column names...
18:03:15 [DATA_IO]: Column names cleaned successfully.
18:03:15 [DATA_TRANSFORMER]: Auto-detecting numeric columns (threshold=80%)...
18:03:15 [DATA_TRANSFORMER]: Auto-converted 12 columns to numeric: ['calories', 'calories_from_fat', 'total_fat_g', 'saturated_fat_g', 'trans_fat_g', 'cholesterol_mg', 'sodium_mg', 'carbs_g', 'fiber_g', 'sugars_g', 'protein_g', 'weight_watchers_pnts']
18:03:15 [PREPROCESSOR]: Numeric cols: ['calories', 'calories_from_fat', 'total_fat_g', 'saturated_fat_g', 'trans_fat_g', 'cholesterol_mg', 'sodium_mg', 'carbs_g', 'fiber_g', 'sugars_g', 'protein_g', 'weight_watchers_pnts']
18:03:15 [PREPROCESSOR]: Categorical cols: ['company', 'item']
18:03:15 [PREPROCESSOR]: Datetime cols: []
18:03:15 [DATA_TRANSFORMER]: Converting columns to datetime...
18:03:15 [PREPROCESSOR]: Numeric cols: ['calories', 'calories_from_fat', 'total_fat_g', 'saturated_fat_g', 'trans_fat_g', 'cholesterol_mg', 'sodium_mg', 'carbs_g', 'fiber_g', 'sugars_g', 'protein_g', 'weight_watchers_pnts']
18:03:15 [PREPROCESSOR]: Categorical cols: ['company', 'item']
18:03:15 [PREPROCESSOR]: Datetime cols: []
18:03:15 [DATA_TRANSFORMER]: Dropping features: ['calories_from_fat', 'weight_watchers_pnts', 'company', 'item', 'total_fat_g', 'calories', 'trans_fat_g']
18:03:15 [PREPROCESSOR]: Numeric cols: ['saturated_fat_g', 'cholesterol_mg', 'sodium_mg', 'carbs_g', 'fiber_g', 'sugars_g', 'protein_g']
18:03:15 [PREPROCESSOR]: Categorical cols: []
18:03:15 [PREPROCESSOR]: Datetime cols: []
18:03:15 [DATA_TRANSFORMER]: Cleaning negative values in all numeric columns...
18:03:15 [DATA_TRANSFORMER]: Removed 138 duplicate rows
18:03:15 [DATA_TRANSFORMER]: Dropped 52 rows with null target 'saturated_fat_g'
18:03:15 [MODEL_TRAINER]: ModelTrainer initialized with random_state=42, n_jobs=1
18:03:15 [MODEL_TRAINER]: Data loaded: 957 rows, 7 columns
18:03:15 [MODEL_TRAINER]: Target column: 'saturated_fat_g'
18:03:15 [MODEL_TRAINER]: Splitting data into Train and Test sets...
18:03:15 [MODEL_TRAINER]: Split complete. Train shape: (765, 7), Test shape: (192, 7)
18:03:15 [DATA_TRANSFORMER]: [Encode] strategy='onehot', fit=True
18:03:15 [DATA_TRANSFORMER]: [Outlier] method='isolation_forest' - Removing outliers
18:03:15 [DATA_TRANSFORMER]: Removed 100 rows as outliers
18:03:15 [DATA_TRANSFORMER]: Handling missing values fit=True | strategies={'num': 'median', 'cat': 'mode', 'dt': 'drop'}
18:03:15 [DATA_TRANSFORMER]: [Scale] strategy='standard', fit=True
18:03:15 [DATA_TRANSFORMER]: [Encode] strategy='onehot', fit=False
18:03:15 [DATA_TRANSFORMER]: Handling missing values fit=False | strategies={'num': 'median', 'cat': 'mode', 'dt': 'drop'}
18:03:15 [DATA_TRANSFORMER]: [Scale] strategy='standard', fit=False
18:03:15 [MODEL_TRAINER]: Setting processed training data (separating X and y)...
18:03:15 [MODEL_TRAINER]: Ready for training. X_train: (665, 6), X_test: (192, 6)
18:03:15 [MODEL_TRAINER]: Initialized 5 models: ['ElasticNet', 'RandomForest', 'LightGBM', 'XGBoost', 'DecisionTree']
18:03:15 [MODEL_TRAINER]: Starting model training...
18:03:15 [MODEL_TRAINER]: Training ElasticNet...
18:03:15 [MODEL_TRAINER]: ✓ ElasticNet trained successfully
18:03:15 [MODEL_TRAINER]: Training RandomForest...
18:03:15 [MODEL_TRAINER]: ✓ RandomForest trained successfully
18:03:15 [MODEL_TRAINER]: Training LightGBM...
18:03:15 [MODEL_TRAINER]: ✓ LightGBM trained successfully
18:03:15 [MODEL_TRAINER]: Training XGBoost...
18:03:15 [MODEL_TRAINER]: ✓ XGBoost trained successfully
18:03:15 [MODEL_TRAINER]: Training DecisionTree...
18:03:15 [MODEL_TRAINER]: ✓ DecisionTree trained successfully
18:03:15 [MODEL_TRAINER]: Training completed. 5/5 models trained successfully
18:03:15 [MODEL_TRAINER]: Evaluating models...
18:03:15 [MODEL_EVALUATOR]: ✓ ElasticNet evaluated: RMSE=3.6754, MAE=2.3272, R2=0.5608
18:03:15 [MODEL_EVALUATOR]: ✓ RandomForest evaluated: RMSE=2.6684, MAE=1.1781, R2=0.7685
18:03:15 [MODEL_EVALUATOR]: ✓ LightGBM evaluated: RMSE=2.7090, MAE=1.2421, R2=0.7614
18:03:15 [MODEL_EVALUATOR]: ✓ XGBoost evaluated: RMSE=3.0077, MAE=1.3346, R2=0.7059
18:03:15 [MODEL_EVALUATOR]: ✓ DecisionTree evaluated: RMSE=3.0582, MAE=1.4141, R2=0.6959
18:03:15 [EXPERIMENT]: === Run 11/24: num=median, scale=standard, outlier=iqr ===
18:03:15 [DATA_IO]: Loading data from data/raw/FastFoodNutritionMenuV3.csv...
18:03:15 [DATA_IO]: Cleaning column names...
18:03:15 [DATA_IO]: Column names cleaned successfully.
18:03:15 [DATA_TRANSFORMER]: Auto-detecting numeric columns (threshold=80%)...
18:03:15 [DATA_TRANSFORMER]: Auto-converted 12 columns to numeric: ['calories', 'calories_from_fat', 'total_fat_g', 'saturated_fat_g', 'trans_fat_g', 'cholesterol_mg', 'sodium_mg', 'carbs_g', 'fiber_g', 'sugars_g', 'protein_g', 'weight_watchers_pnts']
18:03:15 [PREPROCESSOR]: Numeric cols: ['calories', 'calories_from_fat', 'total_fat_g', 'saturated_fat_g', 'trans_fat_g', 'cholesterol_mg', 'sodium_mg', 'carbs_g', 'fiber_g', 'sugars_g', 'protein_g', 'weight_watchers_pnts']
18:03:15 [PREPROCESSOR]: Categorical cols: ['company', 'item']
18:03:15 [PREPROCESSOR]: Datetime cols: []
18:03:15 [DATA_TRANSFORMER]: Converting columns to datetime...
18:03:15 [PREPROCESSOR]: Numeric cols: ['calories', 'calories_from_fat', 'total_fat_g', 'saturated_fat_g', 'trans_fat_g', 'cholesterol_mg', 'sodium_mg', 'carbs_g', 'fiber_g', 'sugars_g', 'protein_g', 'weight_watchers_pnts']
18:03:15 [PREPROCESSOR]: Categorical cols: ['company', 'item']
18:03:15 [PREPROCESSOR]: Datetime cols: []
18:03:15 [DATA_TRANSFORMER]: Dropping features: ['calories_from_fat', 'weight_watchers_pnts', 'company', 'item', 'total_fat_g', 'calories', 'trans_fat_g']
18:03:15 [PREPROCESSOR]: Numeric cols: ['saturated_fat_g', 'cholesterol_mg', 'sodium_mg', 'carbs_g', 'fiber_g', 'sugars_g', 'protein_g']
18:03:15 [PREPROCESSOR]: Categorical cols: []
18:03:15 [PREPROCESSOR]: Datetime cols: []
18:03:15 [DATA_TRANSFORMER]: Cleaning negative values in all numeric columns...
18:03:15 [DATA_TRANSFORMER]: Removed 138 duplicate rows
18:03:15 [DATA_TRANSFORMER]: Dropped 52 rows with null target 'saturated_fat_g'
18:03:15 [MODEL_TRAINER]: ModelTrainer initialized with random_state=42, n_jobs=1
18:03:15 [MODEL_TRAINER]: Data loaded: 957 rows, 7 columns
18:03:15 [MODEL_TRAINER]: Target column: 'saturated_fat_g'
18:03:15 [MODEL_TRAINER]: Splitting data into Train and Test sets...
18:03:15 [MODEL_TRAINER]: Split complete. Train shape: (765, 7), Test shape: (192, 7)
18:03:15 [DATA_TRANSFORMER]: [Encode] strategy='onehot', fit=True
18:03:15 [DATA_TRANSFORMER]: [Outlier] method='iqr' - Removing outliers
18:03:15 [DATA_TRANSFORMER]: Removed 176 rows as outliers
18:03:15 [DATA_TRANSFORMER]: Handling missing values fit=True | strategies={'num': 'median', 'cat': 'mode', 'dt': 'drop'}
18:03:15 [DATA_TRANSFORMER]: [Scale] strategy='standard', fit=True
18:03:15 [DATA_TRANSFORMER]: [Encode] strategy='onehot', fit=False
18:03:15 [DATA_TRANSFORMER]: Handling missing values fit=False | strategies={'num': 'median', 'cat': 'mode', 'dt': 'drop'}
18:03:15 [DATA_TRANSFORMER]: [Scale] strategy='standard', fit=False
18:03:15 [MODEL_TRAINER]: Setting processed training data (separating X and y)...
18:03:15 [MODEL_TRAINER]: Ready for training. X_train: (589, 6), X_test: (192, 6)
18:03:15 [MODEL_TRAINER]: Initialized 5 models: ['ElasticNet', 'RandomForest', 'LightGBM', 'XGBoost', 'DecisionTree']
18:03:15 [MODEL_TRAINER]: Starting model training...
18:03:15 [MODEL_TRAINER]: Training ElasticNet...
18:03:15 [MODEL_TRAINER]: ✓ ElasticNet trained successfully
18:03:15 [MODEL_TRAINER]: Training RandomForest...
18:03:15 [MODEL_TRAINER]: ✓ RandomForest trained successfully
18:03:15 [MODEL_TRAINER]: Training LightGBM...
18:03:15 [MODEL_TRAINER]: ✓ LightGBM trained successfully
18:03:15 [MODEL_TRAINER]: Training XGBoost...
18:03:15 [MODEL_TRAINER]: ✓ XGBoost trained successfully
18:03:15 [MODEL_TRAINER]: Training DecisionTree...
18:03:15 [MODEL_TRAINER]: ✓ DecisionTree trained successfully
18:03:15 [MODEL_TRAINER]: Training completed. 5/5 models trained successfully
18:03:15 [MODEL_TRAINER]: Evaluating models...
18:03:15 [MODEL_EVALUATOR]: ✓ ElasticNet evaluated: RMSE=3.5093, MAE=2.2630, R2=0.5996
18:03:15 [MODEL_EVALUATOR]: ✓ RandomForest evaluated: RMSE=2.5781, MAE=1.1775, R2=0.7839
18:03:15 [MODEL_EVALUATOR]: ✓ LightGBM evaluated: RMSE=2.8303, MAE=1.3243, R2=0.7396
18:03:15 [MODEL_EVALUATOR]: ✓ XGBoost evaluated: RMSE=2.7068, MAE=1.3004, R2=0.7618
18:03:15 [MODEL_EVALUATOR]: ✓ DecisionTree evaluated: RMSE=2.6462, MAE=1.2552, R2=0.7723
18:03:15 [EXPERIMENT]: === Run 12/24: num=median, scale=standard, outlier=zscore ===
18:03:15 [DATA_IO]: Loading data from data/raw/FastFoodNutritionMenuV3.csv...
18:03:15 [DATA_IO]: Cleaning column names...
18:03:15 [DATA_IO]: Column names cleaned successfully.
18:03:15 [DATA_TRANSFORMER]: Auto-detecting numeric columns (threshold=80%)...
18:03:15 [DATA_TRANSFORMER]: Auto-converted 12 columns to numeric: ['calories', 'calories_from_fat', 'total_fat_g', 'saturated_fat_g', 'trans_fat_g', 'cholesterol_mg', 'sodium_mg', 'carbs_g', 'fiber_g', 'sugars_g', 'protein_g', 'weight_watchers_pnts']
18:03:15 [PREPROCESSOR]: Numeric cols: ['calories', 'calories_from_fat', 'total_fat_g', 'saturated_fat_g', 'trans_fat_g', 'cholesterol_mg', 'sodium_mg', 'carbs_g', 'fiber_g', 'sugars_g', 'protein_g', 'weight_watchers_pnts']
18:03:15 [PREPROCESSOR]: Categorical cols: ['company', 'item']
18:03:15 [PREPROCESSOR]: Datetime cols: []
18:03:15 [DATA_TRANSFORMER]: Converting columns to datetime...
18:03:15 [PREPROCESSOR]: Numeric cols: ['calories', 'calories_from_fat', 'total_fat_g', 'saturated_fat_g', 'trans_fat_g', 'cholesterol_mg', 'sodium_mg', 'carbs_g', 'fiber_g', 'sugars_g', 'protein_g', 'weight_watchers_pnts']
18:03:15 [PREPROCESSOR]: Categorical cols: ['company', 'item']
18:03:15 [PREPROCESSOR]: Datetime cols: []
18:03:15 [DATA_TRANSFORMER]: Dropping features: ['calories_from_fat', 'weight_watchers_pnts', 'company', 'item', 'total_fat_g', 'calories', 'trans_fat_g']
18:03:15 [PREPROCESSOR]: Numeric cols: ['saturated_fat_g', 'cholesterol_mg', 'sodium_mg', 'carbs_g', 'fiber_g', 'sugars_g', 'protein_g']
18:03:15 [PREPROCESSOR]: Categorical cols: []
18:03:15 [PREPROCESSOR]: Datetime cols: []
18:03:15 [DATA_TRANSFORMER]: Cleaning negative values in all numeric columns...
18:03:15 [DATA_TRANSFORMER]: Removed 138 duplicate rows
18:03:15 [DATA_TRANSFORMER]: Dropped 52 rows with null target 'saturated_fat_g'
18:03:15 [MODEL_TRAINER]: ModelTrainer initialized with random_state=42, n_jobs=1
18:03:15 [MODEL_TRAINER]: Data loaded: 957 rows, 7 columns
18:03:15 [MODEL_TRAINER]: Target column: 'saturated_fat_g'
18:03:15 [MODEL_TRAINER]: Splitting data into Train and Test sets...
18:03:15 [MODEL_TRAINER]: Split complete. Train shape: (765, 7), Test shape: (192, 7)
18:03:15 [DATA_TRANSFORMER]: [Encode] strategy='onehot', fit=True
18:03:15 [DATA_TRANSFORMER]: [Outlier] method='zscore' - Removing outliers
18:03:15 [DATA_TRANSFORMER]: Removed 81 rows as outliers
18:03:15 [DATA_TRANSFORMER]: Handling missing values fit=True | strategies={'num': 'median', 'cat': 'mode', 'dt': 'drop'}
18:03:15 [DATA_TRANSFORMER]: [Scale] strategy='standard', fit=True
18:03:15 [DATA_TRANSFORMER]: [Encode] strategy='onehot', fit=False
18:03:15 [DATA_TRANSFORMER]: Handling missing values fit=False | strategies={'num': 'median', 'cat': 'mode', 'dt': 'drop'}
18:03:15 [DATA_TRANSFORMER]: [Scale] strategy='standard', fit=False
18:03:15 [MODEL_TRAINER]: Setting processed training data (separating X and y)...
18:03:15 [MODEL_TRAINER]: Ready for training. X_train: (684, 6), X_test: (192, 6)
18:03:15 [MODEL_TRAINER]: Initialized 5 models: ['ElasticNet', 'RandomForest', 'LightGBM', 'XGBoost', 'DecisionTree']
18:03:15 [MODEL_TRAINER]: Starting model training...
18:03:15 [MODEL_TRAINER]: Training ElasticNet...
18:03:15 [MODEL_TRAINER]: ✓ ElasticNet trained successfully
18:03:15 [MODEL_TRAINER]: Training RandomForest...
18:03:16 [MODEL_TRAINER]: ✓ RandomForest trained successfully
18:03:16 [MODEL_TRAINER]: Training LightGBM...
18:03:16 [MODEL_TRAINER]: ✓ LightGBM trained successfully
18:03:16 [MODEL_TRAINER]: Training XGBoost...
18:03:16 [MODEL_TRAINER]: ✓ XGBoost trained successfully
18:03:16 [MODEL_TRAINER]: Training DecisionTree...
18:03:16 [MODEL_TRAINER]: ✓ DecisionTree trained successfully
18:03:16 [MODEL_TRAINER]: Training completed. 5/5 models trained successfully
18:03:16 [MODEL_TRAINER]: Evaluating models...
18:03:16 [MODEL_EVALUATOR]: ✓ ElasticNet evaluated: RMSE=3.5652, MAE=2.3331, R2=0.5867
18:03:16 [MODEL_EVALUATOR]: ✓ RandomForest evaluated: RMSE=2.1971, MAE=1.1261, R2=0.8430
18:03:16 [MODEL_EVALUATOR]: ✓ LightGBM evaluated: RMSE=2.6358, MAE=1.3377, R2=0.7741
18:03:16 [MODEL_EVALUATOR]: ✓ XGBoost evaluated: RMSE=2.0270, MAE=1.0820, R2=0.8664
18:03:16 [MODEL_EVALUATOR]: ✓ DecisionTree evaluated: RMSE=2.8134, MAE=1.3880, R2=0.7426
18:03:16 [EXPERIMENT]: === Run 13/24: num=mode, scale=robust, outlier=isolation_forest ===
18:03:16 [DATA_IO]: Loading data from data/raw/FastFoodNutritionMenuV3.csv...
18:03:16 [DATA_IO]: Cleaning column names...
18:03:16 [DATA_IO]: Column names cleaned successfully.
18:03:16 [DATA_TRANSFORMER]: Auto-detecting numeric columns (threshold=80%)...
18:03:16 [DATA_TRANSFORMER]: Auto-converted 12 columns to numeric: ['calories', 'calories_from_fat', 'total_fat_g', 'saturated_fat_g', 'trans_fat_g', 'cholesterol_mg', 'sodium_mg', 'carbs_g', 'fiber_g', 'sugars_g', 'protein_g', 'weight_watchers_pnts']
18:03:16 [PREPROCESSOR]: Numeric cols: ['calories', 'calories_from_fat', 'total_fat_g', 'saturated_fat_g', 'trans_fat_g', 'cholesterol_mg', 'sodium_mg', 'carbs_g', 'fiber_g', 'sugars_g', 'protein_g', 'weight_watchers_pnts']
18:03:16 [PREPROCESSOR]: Categorical cols: ['company', 'item']
18:03:16 [PREPROCESSOR]: Datetime cols: []
18:03:16 [DATA_TRANSFORMER]: Converting columns to datetime...
18:03:16 [PREPROCESSOR]: Numeric cols: ['calories', 'calories_from_fat', 'total_fat_g', 'saturated_fat_g', 'trans_fat_g', 'cholesterol_mg', 'sodium_mg', 'carbs_g', 'fiber_g', 'sugars_g', 'protein_g', 'weight_watchers_pnts']
18:03:16 [PREPROCESSOR]: Categorical cols: ['company', 'item']
18:03:16 [PREPROCESSOR]: Datetime cols: []
18:03:16 [DATA_TRANSFORMER]: Dropping features: ['calories_from_fat', 'weight_watchers_pnts', 'company', 'item', 'total_fat_g', 'calories', 'trans_fat_g']
18:03:16 [PREPROCESSOR]: Numeric cols: ['saturated_fat_g', 'cholesterol_mg', 'sodium_mg', 'carbs_g', 'fiber_g', 'sugars_g', 'protein_g']
18:03:16 [PREPROCESSOR]: Categorical cols: []
18:03:16 [PREPROCESSOR]: Datetime cols: []
18:03:16 [DATA_TRANSFORMER]: Cleaning negative values in all numeric columns...
18:03:16 [DATA_TRANSFORMER]: Removed 138 duplicate rows
18:03:16 [DATA_TRANSFORMER]: Dropped 52 rows with null target 'saturated_fat_g'
18:03:16 [MODEL_TRAINER]: ModelTrainer initialized with random_state=42, n_jobs=1
18:03:16 [MODEL_TRAINER]: Data loaded: 957 rows, 7 columns
18:03:16 [MODEL_TRAINER]: Target column: 'saturated_fat_g'
18:03:16 [MODEL_TRAINER]: Splitting data into Train and Test sets...
18:03:16 [MODEL_TRAINER]: Split complete. Train shape: (765, 7), Test shape: (192, 7)
18:03:16 [DATA_TRANSFORMER]: [Encode] strategy='onehot', fit=True
18:03:16 [DATA_TRANSFORMER]: [Outlier] method='isolation_forest' - Removing outliers
18:03:16 [DATA_TRANSFORMER]: Removed 100 rows as outliers
18:03:16 [DATA_TRANSFORMER]: Handling missing values fit=True | strategies={'num': 'mode', 'cat': 'mode', 'dt': 'drop'}
18:03:16 [DATA_TRANSFORMER]: [Scale] strategy='robust', fit=True
18:03:16 [DATA_TRANSFORMER]: [Encode] strategy='onehot', fit=False
18:03:16 [DATA_TRANSFORMER]: Handling missing values fit=False | strategies={'num': 'mode', 'cat': 'mode', 'dt': 'drop'}
18:03:16 [DATA_TRANSFORMER]: [Scale] strategy='robust', fit=False
18:03:16 [MODEL_TRAINER]: Setting processed training data (separating X and y)...
18:03:16 [MODEL_TRAINER]: Ready for training. X_train: (665, 6), X_test: (192, 6)
18:03:16 [MODEL_TRAINER]: Initialized 5 models: ['ElasticNet', 'RandomForest', 'LightGBM', 'XGBoost', 'DecisionTree']
18:03:16 [MODEL_TRAINER]: Starting model training...
18:03:16 [MODEL_TRAINER]: Training ElasticNet...
18:03:16 [MODEL_TRAINER]: ✓ ElasticNet trained successfully
18:03:16 [MODEL_TRAINER]: Training RandomForest...
18:03:16 [MODEL_TRAINER]: ✓ RandomForest trained successfully
18:03:16 [MODEL_TRAINER]: Training LightGBM...
18:03:16 [MODEL_TRAINER]: ✓ LightGBM trained successfully
18:03:16 [MODEL_TRAINER]: Training XGBoost...
18:03:16 [MODEL_TRAINER]: ✓ XGBoost trained successfully
18:03:16 [MODEL_TRAINER]: Training DecisionTree...
18:03:16 [MODEL_TRAINER]: ✓ DecisionTree trained successfully
18:03:16 [MODEL_TRAINER]: Training completed. 5/5 models trained successfully
18:03:16 [MODEL_TRAINER]: Evaluating models...
18:03:16 [MODEL_EVALUATOR]: ✓ ElasticNet evaluated: RMSE=3.8289, MAE=2.4532, R2=0.5233
18:03:16 [MODEL_EVALUATOR]: ✓ RandomForest evaluated: RMSE=2.6659, MAE=1.1872, R2=0.7689
18:03:16 [MODEL_EVALUATOR]: ✓ LightGBM evaluated: RMSE=2.7656, MAE=1.2871, R2=0.7513
18:03:16 [MODEL_EVALUATOR]: ✓ XGBoost evaluated: RMSE=3.0264, MAE=1.3239, R2=0.7022
18:03:16 [MODEL_EVALUATOR]: ✓ DecisionTree evaluated: RMSE=3.0238, MAE=1.3802, R2=0.7027
18:03:16 [EXPERIMENT]: === Run 14/24: num=mode, scale=robust, outlier=iqr ===
18:03:16 [DATA_IO]: Loading data from data/raw/FastFoodNutritionMenuV3.csv...
18:03:16 [DATA_IO]: Cleaning column names...
18:03:16 [DATA_IO]: Column names cleaned successfully.
18:03:16 [DATA_TRANSFORMER]: Auto-detecting numeric columns (threshold=80%)...
18:03:16 [DATA_TRANSFORMER]: Auto-converted 12 columns to numeric: ['calories', 'calories_from_fat', 'total_fat_g', 'saturated_fat_g', 'trans_fat_g', 'cholesterol_mg', 'sodium_mg', 'carbs_g', 'fiber_g', 'sugars_g', 'protein_g', 'weight_watchers_pnts']
18:03:16 [PREPROCESSOR]: Numeric cols: ['calories', 'calories_from_fat', 'total_fat_g', 'saturated_fat_g', 'trans_fat_g', 'cholesterol_mg', 'sodium_mg', 'carbs_g', 'fiber_g', 'sugars_g', 'protein_g', 'weight_watchers_pnts']
18:03:16 [PREPROCESSOR]: Categorical cols: ['company', 'item']
18:03:16 [PREPROCESSOR]: Datetime cols: []
18:03:16 [DATA_TRANSFORMER]: Converting columns to datetime...
18:03:16 [PREPROCESSOR]: Numeric cols: ['calories', 'calories_from_fat', 'total_fat_g', 'saturated_fat_g', 'trans_fat_g', 'cholesterol_mg', 'sodium_mg', 'carbs_g', 'fiber_g', 'sugars_g', 'protein_g', 'weight_watchers_pnts']
18:03:16 [PREPROCESSOR]: Categorical cols: ['company', 'item']
18:03:16 [PREPROCESSOR]: Datetime cols: []
18:03:16 [DATA_TRANSFORMER]: Dropping features: ['calories_from_fat', 'weight_watchers_pnts', 'company', 'item', 'total_fat_g', 'calories', 'trans_fat_g']
18:03:16 [PREPROCESSOR]: Numeric cols: ['saturated_fat_g', 'cholesterol_mg', 'sodium_mg', 'carbs_g', 'fiber_g', 'sugars_g', 'protein_g']
18:03:16 [PREPROCESSOR]: Categorical cols: []
18:03:16 [PREPROCESSOR]: Datetime cols: []
18:03:16 [DATA_TRANSFORMER]: Cleaning negative values in all numeric columns...
18:03:16 [DATA_TRANSFORMER]: Removed 138 duplicate rows
18:03:16 [DATA_TRANSFORMER]: Dropped 52 rows with null target 'saturated_fat_g'
18:03:16 [MODEL_TRAINER]: ModelTrainer initialized with random_state=42, n_jobs=1
18:03:16 [MODEL_TRAINER]: Data loaded: 957 rows, 7 columns
18:03:16 [MODEL_TRAINER]: Target column: 'saturated_fat_g'
18:03:16 [MODEL_TRAINER]: Splitting data into Train and Test sets...
18:03:16 [MODEL_TRAINER]: Split complete. Train shape: (765, 7), Test shape: (192, 7)
18:03:16 [DATA_TRANSFORMER]: [Encode] strategy='onehot', fit=True
18:03:16 [DATA_TRANSFORMER]: [Outlier] method='iqr' - Removing outliers
18:03:16 [DATA_TRANSFORMER]: Removed 176 rows as outliers
18:03:16 [DATA_TRANSFORMER]: Handling missing values fit=True | strategies={'num': 'mode', 'cat': 'mode', 'dt': 'drop'}
18:03:16 [DATA_TRANSFORMER]: [Scale] strategy='robust', fit=True
18:03:16 [DATA_TRANSFORMER]: [Encode] strategy='onehot', fit=False
18:03:16 [DATA_TRANSFORMER]: Handling missing values fit=False | strategies={'num': 'mode', 'cat': 'mode', 'dt': 'drop'}
18:03:16 [DATA_TRANSFORMER]: [Scale] strategy='robust', fit=False
18:03:16 [MODEL_TRAINER]: Setting processed training data (separating X and y)...
18:03:16 [MODEL_TRAINER]: Ready for training. X_train: (589, 6), X_test: (192, 6)
18:03:16 [MODEL_TRAINER]: Initialized 5 models: ['ElasticNet', 'RandomForest', 'LightGBM', 'XGBoost', 'DecisionTree']
18:03:16 [MODEL_TRAINER]: Starting model training...
18:03:16 [MODEL_TRAINER]: Training ElasticNet...
18:03:16 [MODEL_TRAINER]: ✓ ElasticNet trained successfully
18:03:16 [MODEL_TRAINER]: Training RandomForest...
18:03:16 [MODEL_TRAINER]: ✓ RandomForest trained successfully
18:03:16 [MODEL_TRAINER]: Training LightGBM...
18:03:16 [MODEL_TRAINER]: ✓ LightGBM trained successfully
18:03:16 [MODEL_TRAINER]: Training XGBoost...
18:03:16 [MODEL_TRAINER]: ✓ XGBoost trained successfully
18:03:16 [MODEL_TRAINER]: Training DecisionTree...
18:03:16 [MODEL_TRAINER]: ✓ DecisionTree trained successfully
18:03:16 [MODEL_TRAINER]: Training completed. 5/5 models trained successfully
18:03:16 [MODEL_TRAINER]: Evaluating models...
18:03:16 [MODEL_EVALUATOR]: ✓ ElasticNet evaluated: RMSE=3.7275, MAE=2.4229, R2=0.5482
18:03:16 [MODEL_EVALUATOR]: ✓ RandomForest evaluated: RMSE=2.5820, MAE=1.1799, R2=0.7832
18:03:16 [MODEL_EVALUATOR]: ✓ LightGBM evaluated: RMSE=2.8402, MAE=1.3391, R2=0.7377
18:03:16 [MODEL_EVALUATOR]: ✓ XGBoost evaluated: RMSE=2.6950, MAE=1.2821, R2=0.7638
18:03:16 [MODEL_EVALUATOR]: ✓ DecisionTree evaluated: RMSE=2.6344, MAE=1.2396, R2=0.7743
18:03:16 [EXPERIMENT]: === Run 15/24: num=mode, scale=robust, outlier=zscore ===
18:03:16 [DATA_IO]: Loading data from data/raw/FastFoodNutritionMenuV3.csv...
18:03:16 [DATA_IO]: Cleaning column names...
18:03:16 [DATA_IO]: Column names cleaned successfully.
18:03:16 [DATA_TRANSFORMER]: Auto-detecting numeric columns (threshold=80%)...
18:03:16 [DATA_TRANSFORMER]: Auto-converted 12 columns to numeric: ['calories', 'calories_from_fat', 'total_fat_g', 'saturated_fat_g', 'trans_fat_g', 'cholesterol_mg', 'sodium_mg', 'carbs_g', 'fiber_g', 'sugars_g', 'protein_g', 'weight_watchers_pnts']
18:03:16 [PREPROCESSOR]: Numeric cols: ['calories', 'calories_from_fat', 'total_fat_g', 'saturated_fat_g', 'trans_fat_g', 'cholesterol_mg', 'sodium_mg', 'carbs_g', 'fiber_g', 'sugars_g', 'protein_g', 'weight_watchers_pnts']
18:03:16 [PREPROCESSOR]: Categorical cols: ['company', 'item']
18:03:16 [PREPROCESSOR]: Datetime cols: []
18:03:16 [DATA_TRANSFORMER]: Converting columns to datetime...
18:03:16 [PREPROCESSOR]: Numeric cols: ['calories', 'calories_from_fat', 'total_fat_g', 'saturated_fat_g', 'trans_fat_g', 'cholesterol_mg', 'sodium_mg', 'carbs_g', 'fiber_g', 'sugars_g', 'protein_g', 'weight_watchers_pnts']
18:03:16 [PREPROCESSOR]: Categorical cols: ['company', 'item']
18:03:16 [PREPROCESSOR]: Datetime cols: []
18:03:16 [DATA_TRANSFORMER]: Dropping features: ['calories_from_fat', 'weight_watchers_pnts', 'company', 'item', 'total_fat_g', 'calories', 'trans_fat_g']
18:03:16 [PREPROCESSOR]: Numeric cols: ['saturated_fat_g', 'cholesterol_mg', 'sodium_mg', 'carbs_g', 'fiber_g', 'sugars_g', 'protein_g']
18:03:16 [PREPROCESSOR]: Categorical cols: []
18:03:16 [PREPROCESSOR]: Datetime cols: []
18:03:16 [DATA_TRANSFORMER]: Cleaning negative values in all numeric columns...
18:03:16 [DATA_TRANSFORMER]: Removed 138 duplicate rows
18:03:16 [DATA_TRANSFORMER]: Dropped 52 rows with null target 'saturated_fat_g'
18:03:16 [MODEL_TRAINER]: ModelTrainer initialized with random_state=42, n_jobs=1
18:03:16 [MODEL_TRAINER]: Data loaded: 957 rows, 7 columns
18:03:16 [MODEL_TRAINER]: Target column: 'saturated_fat_g'
18:03:16 [MODEL_TRAINER]: Splitting data into Train and Test sets...
18:03:16 [MODEL_TRAINER]: Split complete. Train shape: (765, 7), Test shape: (192, 7)
18:03:16 [DATA_TRANSFORMER]: [Encode] strategy='onehot', fit=True
18:03:16 [DATA_TRANSFORMER]: [Outlier] method='zscore' - Removing outliers
18:03:16 [DATA_TRANSFORMER]: Removed 81 rows as outliers
18:03:16 [DATA_TRANSFORMER]: Handling missing values fit=True | strategies={'num': 'mode', 'cat': 'mode', 'dt': 'drop'}
18:03:16 [DATA_TRANSFORMER]: [Scale] strategy='robust', fit=True
18:03:16 [DATA_TRANSFORMER]: [Encode] strategy='onehot', fit=False
18:03:16 [DATA_TRANSFORMER]: Handling missing values fit=False | strategies={'num': 'mode', 'cat': 'mode', 'dt': 'drop'}
18:03:16 [DATA_TRANSFORMER]: [Scale] strategy='robust', fit=False
18:03:16 [MODEL_TRAINER]: Setting processed training data (separating X and y)...
18:03:16 [MODEL_TRAINER]: Ready for training. X_train: (684, 6), X_test: (192, 6)
18:03:16 [MODEL_TRAINER]: Initialized 5 models: ['ElasticNet', 'RandomForest', 'LightGBM', 'XGBoost', 'DecisionTree']
18:03:16 [MODEL_TRAINER]: Starting model training...
18:03:16 [MODEL_TRAINER]: Training ElasticNet...
18:03:16 [MODEL_TRAINER]: ✓ ElasticNet trained successfully
18:03:16 [MODEL_TRAINER]: Training RandomForest...
18:03:16 [MODEL_TRAINER]: ✓ RandomForest trained successfully
18:03:16 [MODEL_TRAINER]: Training LightGBM...
18:03:16 [MODEL_TRAINER]: ✓ LightGBM trained successfully
18:03:16 [MODEL_TRAINER]: Training XGBoost...
18:03:16 [MODEL_TRAINER]: ✓ XGBoost trained successfully
18:03:16 [MODEL_TRAINER]: Training DecisionTree...
18:03:16 [MODEL_TRAINER]: ✓ DecisionTree trained successfully
18:03:16 [MODEL_TRAINER]: Training completed. 5/5 models trained successfully
18:03:16 [MODEL_TRAINER]: Evaluating models...
18:03:16 [MODEL_EVALUATOR]: ✓ ElasticNet evaluated: RMSE=3.7519, MAE=2.4595, R2=0.5423
18:03:16 [MODEL_EVALUATOR]: ✓ RandomForest evaluated: RMSE=2.2176, MAE=1.1312, R2=0.8401
18:03:16 [MODEL_EVALUATOR]: ✓ LightGBM evaluated: RMSE=2.6507, MAE=1.3602, R2=0.7716
18:03:16 [MODEL_EVALUATOR]: ✓ XGBoost evaluated: RMSE=2.0475, MAE=1.0970, R2=0.8637
18:03:16 [MODEL_EVALUATOR]: ✓ DecisionTree evaluated: RMSE=2.8598, MAE=1.4349, R2=0.7341
18:03:16 [EXPERIMENT]: === Run 16/24: num=mode, scale=standard, outlier=isolation_forest ===
18:03:16 [DATA_IO]: Loading data from data/raw/FastFoodNutritionMenuV3.csv...
18:03:16 [DATA_IO]: Cleaning column names...
18:03:16 [DATA_IO]: Column names cleaned successfully.
18:03:16 [DATA_TRANSFORMER]: Auto-detecting numeric columns (threshold=80%)...
18:03:16 [DATA_TRANSFORMER]: Auto-converted 12 columns to numeric: ['calories', 'calories_from_fat', 'total_fat_g', 'saturated_fat_g', 'trans_fat_g', 'cholesterol_mg', 'sodium_mg', 'carbs_g', 'fiber_g', 'sugars_g', 'protein_g', 'weight_watchers_pnts']
18:03:16 [PREPROCESSOR]: Numeric cols: ['calories', 'calories_from_fat', 'total_fat_g', 'saturated_fat_g', 'trans_fat_g', 'cholesterol_mg', 'sodium_mg', 'carbs_g', 'fiber_g', 'sugars_g', 'protein_g', 'weight_watchers_pnts']
18:03:16 [PREPROCESSOR]: Categorical cols: ['company', 'item']
18:03:16 [PREPROCESSOR]: Datetime cols: []
18:03:16 [DATA_TRANSFORMER]: Converting columns to datetime...
18:03:16 [PREPROCESSOR]: Numeric cols: ['calories', 'calories_from_fat', 'total_fat_g', 'saturated_fat_g', 'trans_fat_g', 'cholesterol_mg', 'sodium_mg', 'carbs_g', 'fiber_g', 'sugars_g', 'protein_g', 'weight_watchers_pnts']
18:03:16 [PREPROCESSOR]: Categorical cols: ['company', 'item']
18:03:16 [PREPROCESSOR]: Datetime cols: []
18:03:16 [DATA_TRANSFORMER]: Dropping features: ['calories_from_fat', 'weight_watchers_pnts', 'company', 'item', 'total_fat_g', 'calories', 'trans_fat_g']
18:03:16 [PREPROCESSOR]: Numeric cols: ['saturated_fat_g', 'cholesterol_mg', 'sodium_mg', 'carbs_g', 'fiber_g', 'sugars_g', 'protein_g']
18:03:16 [PREPROCESSOR]: Categorical cols: []
18:03:16 [PREPROCESSOR]: Datetime cols: []
18:03:16 [DATA_TRANSFORMER]: Cleaning negative values in all numeric columns...
18:03:16 [DATA_TRANSFORMER]: Removed 138 duplicate rows
18:03:16 [DATA_TRANSFORMER]: Dropped 52 rows with null target 'saturated_fat_g'
18:03:16 [MODEL_TRAINER]: ModelTrainer initialized with random_state=42, n_jobs=1
18:03:16 [MODEL_TRAINER]: Data loaded: 957 rows, 7 columns
18:03:16 [MODEL_TRAINER]: Target column: 'saturated_fat_g'
18:03:16 [MODEL_TRAINER]: Splitting data into Train and Test sets...
18:03:16 [MODEL_TRAINER]: Split complete. Train shape: (765, 7), Test shape: (192, 7)
18:03:16 [DATA_TRANSFORMER]: [Encode] strategy='onehot', fit=True
18:03:16 [DATA_TRANSFORMER]: [Outlier] method='isolation_forest' - Removing outliers
18:03:16 [DATA_TRANSFORMER]: Removed 100 rows as outliers
18:03:16 [DATA_TRANSFORMER]: Handling missing values fit=True | strategies={'num': 'mode', 'cat': 'mode', 'dt': 'drop'}
18:03:16 [DATA_TRANSFORMER]: [Scale] strategy='standard', fit=True
18:03:16 [DATA_TRANSFORMER]: [Encode] strategy='onehot', fit=False
18:03:16 [DATA_TRANSFORMER]: Handling missing values fit=False | strategies={'num': 'mode', 'cat': 'mode', 'dt': 'drop'}
18:03:16 [DATA_TRANSFORMER]: [Scale] strategy='standard', fit=False
18:03:16 [MODEL_TRAINER]: Setting processed training data (separating X and y)...
18:03:16 [MODEL_TRAINER]: Ready for training. X_train: (665, 6), X_test: (192, 6)
18:03:16 [MODEL_TRAINER]: Initialized 5 models: ['ElasticNet', 'RandomForest', 'LightGBM', 'XGBoost', 'DecisionTree']
18:03:16 [MODEL_TRAINER]: Starting model training...
18:03:16 [MODEL_TRAINER]: Training ElasticNet...
18:03:16 [MODEL_TRAINER]: ✓ ElasticNet trained successfully
18:03:16 [MODEL_TRAINER]: Training RandomForest...
18:03:17 [MODEL_TRAINER]: ✓ RandomForest trained successfully
18:03:17 [MODEL_TRAINER]: Training LightGBM...
18:03:17 [MODEL_TRAINER]: ✓ LightGBM trained successfully
18:03:17 [MODEL_TRAINER]: Training XGBoost...
18:03:17 [MODEL_TRAINER]: ✓ XGBoost trained successfully
18:03:17 [MODEL_TRAINER]: Training DecisionTree...
18:03:17 [MODEL_TRAINER]: ✓ DecisionTree trained successfully
18:03:17 [MODEL_TRAINER]: Training completed. 5/5 models trained successfully
18:03:17 [MODEL_TRAINER]: Evaluating models...
18:03:17 [MODEL_EVALUATOR]: ✓ ElasticNet evaluated: RMSE=3.6802, MAE=2.3295, R2=0.5596
18:03:17 [MODEL_EVALUATOR]: ✓ RandomForest evaluated: RMSE=2.6549, MAE=1.1813, R2=0.7708
18:03:17 [MODEL_EVALUATOR]: ✓ LightGBM evaluated: RMSE=2.7656, MAE=1.2871, R2=0.7513
18:03:17 [MODEL_EVALUATOR]: ✓ XGBoost evaluated: RMSE=3.0264, MAE=1.3239, R2=0.7022
18:03:17 [MODEL_EVALUATOR]: ✓ DecisionTree evaluated: RMSE=3.0365, MAE=1.3932, R2=0.7002
18:03:17 [EXPERIMENT]: === Run 17/24: num=mode, scale=standard, outlier=iqr ===
18:03:17 [DATA_IO]: Loading data from data/raw/FastFoodNutritionMenuV3.csv...
18:03:17 [DATA_IO]: Cleaning column names...
18:03:17 [DATA_IO]: Column names cleaned successfully.
18:03:17 [DATA_TRANSFORMER]: Auto-detecting numeric columns (threshold=80%)...
18:03:17 [DATA_TRANSFORMER]: Auto-converted 12 columns to numeric: ['calories', 'calories_from_fat', 'total_fat_g', 'saturated_fat_g', 'trans_fat_g', 'cholesterol_mg', 'sodium_mg', 'carbs_g', 'fiber_g', 'sugars_g', 'protein_g', 'weight_watchers_pnts']
18:03:17 [PREPROCESSOR]: Numeric cols: ['calories', 'calories_from_fat', 'total_fat_g', 'saturated_fat_g', 'trans_fat_g', 'cholesterol_mg', 'sodium_mg', 'carbs_g', 'fiber_g', 'sugars_g', 'protein_g', 'weight_watchers_pnts']
18:03:17 [PREPROCESSOR]: Categorical cols: ['company', 'item']
18:03:17 [PREPROCESSOR]: Datetime cols: []
18:03:17 [DATA_TRANSFORMER]: Converting columns to datetime...
18:03:17 [PREPROCESSOR]: Numeric cols: ['calories', 'calories_from_fat', 'total_fat_g', 'saturated_fat_g', 'trans_fat_g', 'cholesterol_mg', 'sodium_mg', 'carbs_g', 'fiber_g', 'sugars_g', 'protein_g', 'weight_watchers_pnts']
18:03:17 [PREPROCESSOR]: Categorical cols: ['company', 'item']
18:03:17 [PREPROCESSOR]: Datetime cols: []
18:03:17 [DATA_TRANSFORMER]: Dropping features: ['calories_from_fat', 'weight_watchers_pnts', 'company', 'item', 'total_fat_g', 'calories', 'trans_fat_g']
18:03:17 [PREPROCESSOR]: Numeric cols: ['saturated_fat_g', 'cholesterol_mg', 'sodium_mg', 'carbs_g', 'fiber_g', 'sugars_g', 'protein_g']
18:03:17 [PREPROCESSOR]: Categorical cols: []
18:03:17 [PREPROCESSOR]: Datetime cols: []
18:03:17 [DATA_TRANSFORMER]: Cleaning negative values in all numeric columns...
18:03:17 [DATA_TRANSFORMER]: Removed 138 duplicate rows
18:03:17 [DATA_TRANSFORMER]: Dropped 52 rows with null target 'saturated_fat_g'
18:03:17 [MODEL_TRAINER]: ModelTrainer initialized with random_state=42, n_jobs=1
18:03:17 [MODEL_TRAINER]: Data loaded: 957 rows, 7 columns
18:03:17 [MODEL_TRAINER]: Target column: 'saturated_fat_g'
18:03:17 [MODEL_TRAINER]: Splitting data into Train and Test sets...
18:03:17 [MODEL_TRAINER]: Split complete. Train shape: (765, 7), Test shape: (192, 7)
18:03:17 [DATA_TRANSFORMER]: [Encode] strategy='onehot', fit=True
18:03:17 [DATA_TRANSFORMER]: [Outlier] method='iqr' - Removing outliers
18:03:17 [DATA_TRANSFORMER]: Removed 176 rows as outliers
18:03:17 [DATA_TRANSFORMER]: Handling missing values fit=True | strategies={'num': 'mode', 'cat': 'mode', 'dt': 'drop'}
18:03:17 [DATA_TRANSFORMER]: [Scale] strategy='standard', fit=True
18:03:17 [DATA_TRANSFORMER]: [Encode] strategy='onehot', fit=False
18:03:17 [DATA_TRANSFORMER]: Handling missing values fit=False | strategies={'num': 'mode', 'cat': 'mode', 'dt': 'drop'}
18:03:17 [DATA_TRANSFORMER]: [Scale] strategy='standard', fit=False
18:03:17 [MODEL_TRAINER]: Setting processed training data (separating X and y)...
18:03:17 [MODEL_TRAINER]: Ready for training. X_train: (589, 6), X_test: (192, 6)
18:03:17 [MODEL_TRAINER]: Initialized 5 models: ['ElasticNet', 'RandomForest', 'LightGBM', 'XGBoost', 'DecisionTree']
18:03:17 [MODEL_TRAINER]: Starting model training...
18:03:17 [MODEL_TRAINER]: Training ElasticNet...
18:03:17 [MODEL_TRAINER]: ✓ ElasticNet trained successfully
18:03:17 [MODEL_TRAINER]: Training RandomForest...
18:03:17 [MODEL_TRAINER]: ✓ RandomForest trained successfully
18:03:17 [MODEL_TRAINER]: Training LightGBM...
18:03:17 [MODEL_TRAINER]: ✓ LightGBM trained successfully
18:03:17 [MODEL_TRAINER]: Training XGBoost...
18:03:17 [MODEL_TRAINER]: ✓ XGBoost trained successfully
18:03:17 [MODEL_TRAINER]: Training DecisionTree...
18:03:17 [MODEL_TRAINER]: ✓ DecisionTree trained successfully
18:03:17 [MODEL_TRAINER]: Training completed. 5/5 models trained successfully
18:03:17 [MODEL_TRAINER]: Evaluating models...
18:03:17 [MODEL_EVALUATOR]: ✓ ElasticNet evaluated: RMSE=3.5129, MAE=2.2624, R2=0.5988
18:03:17 [MODEL_EVALUATOR]: ✓ RandomForest evaluated: RMSE=2.5977, MAE=1.1838, R2=0.7806
18:03:17 [MODEL_EVALUATOR]: ✓ LightGBM evaluated: RMSE=2.8404, MAE=1.3398, R2=0.7377
18:03:17 [MODEL_EVALUATOR]: ✓ XGBoost evaluated: RMSE=2.6950, MAE=1.2821, R2=0.7638
18:03:17 [MODEL_EVALUATOR]: ✓ DecisionTree evaluated: RMSE=2.6106, MAE=1.2292, R2=0.7784
18:03:17 [EXPERIMENT]: === Run 18/24: num=mode, scale=standard, outlier=zscore ===
18:03:17 [DATA_IO]: Loading data from data/raw/FastFoodNutritionMenuV3.csv...
18:03:17 [DATA_IO]: Cleaning column names...
18:03:17 [DATA_IO]: Column names cleaned successfully.
18:03:17 [DATA_TRANSFORMER]: Auto-detecting numeric columns (threshold=80%)...
18:03:17 [DATA_TRANSFORMER]: Auto-converted 12 columns to numeric: ['calories', 'calories_from_fat', 'total_fat_g', 'saturated_fat_g', 'trans_fat_g', 'cholesterol_mg', 'sodium_mg', 'carbs_g', 'fiber_g', 'sugars_g', 'protein_g', 'weight_watchers_pnts']
18:03:17 [PREPROCESSOR]: Numeric cols: ['calories', 'calories_from_fat', 'total_fat_g', 'saturated_fat_g', 'trans_fat_g', 'cholesterol_mg', 'sodium_mg', 'carbs_g', 'fiber_g', 'sugars_g', 'protein_g', 'weight_watchers_pnts']
18:03:17 [PREPROCESSOR]: Categorical cols: ['company', 'item']
18:03:17 [PREPROCESSOR]: Datetime cols: []
18:03:17 [DATA_TRANSFORMER]: Converting columns to datetime...
18:03:17 [PREPROCESSOR]: Numeric cols: ['calories', 'calories_from_fat', 'total_fat_g', 'saturated_fat_g', 'trans_fat_g', 'cholesterol_mg', 'sodium_mg', 'carbs_g', 'fiber_g', 'sugars_g', 'protein_g', 'weight_watchers_pnts']
18:03:17 [PREPROCESSOR]: Categorical cols: ['company', 'item']
18:03:17 [PREPROCESSOR]: Datetime cols: []
18:03:17 [DATA_TRANSFORMER]: Dropping features: ['calories_from_fat', 'weight_watchers_pnts', 'company', 'item', 'total_fat_g', 'calories', 'trans_fat_g']
18:03:17 [PREPROCESSOR]: Numeric cols: ['saturated_fat_g', 'cholesterol_mg', 'sodium_mg', 'carbs_g', 'fiber_g', 'sugars_g', 'protein_g']
18:03:17 [PREPROCESSOR]: Categorical cols: []
18:03:17 [PREPROCESSOR]: Datetime cols: []
18:03:17 [DATA_TRANSFORMER]: Cleaning negative values in all numeric columns...
18:03:17 [DATA_TRANSFORMER]: Removed 138 duplicate rows
18:03:17 [DATA_TRANSFORMER]: Dropped 52 rows with null target 'saturated_fat_g'
18:03:17 [MODEL_TRAINER]: ModelTrainer initialized with random_state=42, n_jobs=1
18:03:17 [MODEL_TRAINER]: Data loaded: 957 rows, 7 columns
18:03:17 [MODEL_TRAINER]: Target column: 'saturated_fat_g'
18:03:17 [MODEL_TRAINER]: Splitting data into Train and Test sets...
18:03:17 [MODEL_TRAINER]: Split complete. Train shape: (765, 7), Test shape: (192, 7)
18:03:17 [DATA_TRANSFORMER]: [Encode] strategy='onehot', fit=True
18:03:17 [DATA_TRANSFORMER]: [Outlier] method='zscore' - Removing outliers
18:03:17 [DATA_TRANSFORMER]: Removed 81 rows as outliers
18:03:17 [DATA_TRANSFORMER]: Handling missing values fit=True | strategies={'num': 'mode', 'cat': 'mode', 'dt': 'drop'}
18:03:17 [DATA_TRANSFORMER]: [Scale] strategy='standard', fit=True
18:03:17 [DATA_TRANSFORMER]: [Encode] strategy='onehot', fit=False
18:03:17 [DATA_TRANSFORMER]: Handling missing values fit=False | strategies={'num': 'mode', 'cat': 'mode', 'dt': 'drop'}
18:03:17 [DATA_TRANSFORMER]: [Scale] strategy='standard', fit=False
18:03:17 [MODEL_TRAINER]: Setting processed training data (separating X and y)...
18:03:17 [MODEL_TRAINER]: Ready for training. X_train: (684, 6), X_test: (192, 6)
18:03:17 [MODEL_TRAINER]: Initialized 5 models: ['ElasticNet', 'RandomForest', 'LightGBM', 'XGBoost', 'DecisionTree']
18:03:17 [MODEL_TRAINER]: Starting model training...
18:03:17 [MODEL_TRAINER]: Training ElasticNet...
18:03:17 [MODEL_TRAINER]: ✓ ElasticNet trained successfully
18:03:17 [MODEL_TRAINER]: Training RandomForest...
18:03:17 [MODEL_TRAINER]: ✓ RandomForest trained successfully
18:03:17 [MODEL_TRAINER]: Training LightGBM...
18:03:17 [MODEL_TRAINER]: ✓ LightGBM trained successfully
18:03:17 [MODEL_TRAINER]: Training XGBoost...
18:03:17 [MODEL_TRAINER]: ✓ XGBoost trained successfully
18:03:17 [MODEL_TRAINER]: Training DecisionTree...
18:03:17 [MODEL_TRAINER]: ✓ DecisionTree trained successfully
18:03:17 [MODEL_TRAINER]: Training completed. 5/5 models trained successfully
18:03:17 [MODEL_TRAINER]: Evaluating models...
18:03:17 [MODEL_EVALUATOR]: ✓ ElasticNet evaluated: RMSE=3.5675, MAE=2.3307, R2=0.5862
18:03:17 [MODEL_EVALUATOR]: ✓ RandomForest evaluated: RMSE=2.2214, MAE=1.1356, R2=0.8396
18:03:17 [MODEL_EVALUATOR]: ✓ LightGBM evaluated: RMSE=2.6507, MAE=1.3602, R2=0.7716
18:03:17 [MODEL_EVALUATOR]: ✓ XGBoost evaluated: RMSE=2.0475, MAE=1.0970, R2=0.8637
18:03:17 [MODEL_EVALUATOR]: ✓ DecisionTree evaluated: RMSE=2.8650, MAE=1.4479, R2=0.7331
18:03:17 [EXPERIMENT]: === Run 19/24: num=drop, scale=robust, outlier=isolation_forest ===
18:03:17 [DATA_IO]: Loading data from data/raw/FastFoodNutritionMenuV3.csv...
18:03:17 [DATA_IO]: Cleaning column names...
18:03:17 [DATA_IO]: Column names cleaned successfully.
18:03:17 [DATA_TRANSFORMER]: Auto-detecting numeric columns (threshold=80%)...
18:03:17 [DATA_TRANSFORMER]: Auto-converted 12 columns to numeric: ['calories', 'calories_from_fat', 'total_fat_g', 'saturated_fat_g', 'trans_fat_g', 'cholesterol_mg', 'sodium_mg', 'carbs_g', 'fiber_g', 'sugars_g', 'protein_g', 'weight_watchers_pnts']
18:03:17 [PREPROCESSOR]: Numeric cols: ['calories', 'calories_from_fat', 'total_fat_g', 'saturated_fat_g', 'trans_fat_g', 'cholesterol_mg', 'sodium_mg', 'carbs_g', 'fiber_g', 'sugars_g', 'protein_g', 'weight_watchers_pnts']
18:03:17 [PREPROCESSOR]: Categorical cols: ['company', 'item']
18:03:17 [PREPROCESSOR]: Datetime cols: []
18:03:17 [DATA_TRANSFORMER]: Converting columns to datetime...
18:03:17 [PREPROCESSOR]: Numeric cols: ['calories', 'calories_from_fat', 'total_fat_g', 'saturated_fat_g', 'trans_fat_g', 'cholesterol_mg', 'sodium_mg', 'carbs_g', 'fiber_g', 'sugars_g', 'protein_g', 'weight_watchers_pnts']
18:03:17 [PREPROCESSOR]: Categorical cols: ['company', 'item']
18:03:17 [PREPROCESSOR]: Datetime cols: []
18:03:17 [DATA_TRANSFORMER]: Dropping features: ['calories_from_fat', 'weight_watchers_pnts', 'company', 'item', 'total_fat_g', 'calories', 'trans_fat_g']
18:03:17 [PREPROCESSOR]: Numeric cols: ['saturated_fat_g', 'cholesterol_mg', 'sodium_mg', 'carbs_g', 'fiber_g', 'sugars_g', 'protein_g']
18:03:17 [PREPROCESSOR]: Categorical cols: []
18:03:17 [PREPROCESSOR]: Datetime cols: []
18:03:17 [DATA_TRANSFORMER]: Cleaning negative values in all numeric columns...
18:03:17 [DATA_TRANSFORMER]: Removed 138 duplicate rows
18:03:17 [DATA_TRANSFORMER]: Dropped 52 rows with null target 'saturated_fat_g'
18:03:17 [MODEL_TRAINER]: ModelTrainer initialized with random_state=42, n_jobs=1
18:03:17 [MODEL_TRAINER]: Data loaded: 957 rows, 7 columns
18:03:17 [MODEL_TRAINER]: Target column: 'saturated_fat_g'
18:03:17 [MODEL_TRAINER]: Splitting data into Train and Test sets...
18:03:17 [MODEL_TRAINER]: Split complete. Train shape: (765, 7), Test shape: (192, 7)
18:03:17 [DATA_TRANSFORMER]: [Encode] strategy='onehot', fit=True
18:03:17 [DATA_TRANSFORMER]: [Outlier] method='isolation_forest' - Removing outliers
18:03:17 [DATA_TRANSFORMER]: Removed 100 rows as outliers
18:03:17 [DATA_TRANSFORMER]: Handling missing values fit=True | strategies={'num': 'drop', 'cat': 'mode', 'dt': 'drop'}
18:03:17 [DATA_TRANSFORMER]: Dropped 24 rows due to missing values
18:03:17 [DATA_TRANSFORMER]: [Scale] strategy='robust', fit=True
18:03:17 [DATA_TRANSFORMER]: [Encode] strategy='onehot', fit=False
18:03:17 [DATA_TRANSFORMER]: Handling missing values fit=False | strategies={'num': 'drop', 'cat': 'mode', 'dt': 'drop'}
18:03:17 [DATA_TRANSFORMER]: Dropped 9 rows due to missing values
18:03:17 [DATA_TRANSFORMER]: [Scale] strategy='robust', fit=False
18:03:17 [MODEL_TRAINER]: Setting processed training data (separating X and y)...
18:03:17 [MODEL_TRAINER]: Ready for training. X_train: (641, 6), X_test: (183, 6)
18:03:17 [MODEL_TRAINER]: Initialized 5 models: ['ElasticNet', 'RandomForest', 'LightGBM', 'XGBoost', 'DecisionTree']
18:03:17 [MODEL_TRAINER]: Starting model training...
18:03:17 [MODEL_TRAINER]: Training ElasticNet...
18:03:17 [MODEL_TRAINER]: ✓ ElasticNet trained successfully
18:03:17 [MODEL_TRAINER]: Training RandomForest...
18:03:17 [MODEL_TRAINER]: ✓ RandomForest trained successfully
18:03:17 [MODEL_TRAINER]: Training LightGBM...
18:03:17 [MODEL_TRAINER]: ✓ LightGBM trained successfully
18:03:17 [MODEL_TRAINER]: Training XGBoost...
18:03:17 [MODEL_TRAINER]: ✓ XGBoost trained successfully
18:03:17 [MODEL_TRAINER]: Training DecisionTree...
18:03:17 [MODEL_TRAINER]: ✓ DecisionTree trained successfully
18:03:17 [MODEL_TRAINER]: Training completed. 5/5 models trained successfully
18:03:17 [MODEL_TRAINER]: Evaluating models...
18:03:17 [MODEL_EVALUATOR]: ✓ ElasticNet evaluated: RMSE=3.8663, MAE=2.4953, R2=0.5341
18:03:17 [MODEL_EVALUATOR]: ✓ RandomForest evaluated: RMSE=2.7764, MAE=1.2241, R2=0.7598
18:03:17 [MODEL_EVALUATOR]: ✓ LightGBM evaluated: RMSE=2.7710, MAE=1.2839, R2=0.7607
18:03:17 [MODEL_EVALUATOR]: ✓ XGBoost evaluated: RMSE=3.2009, MAE=1.3734, R2=0.6807
18:03:17 [MODEL_EVALUATOR]: ✓ DecisionTree evaluated: RMSE=3.0421, MAE=1.5027, R2=0.7116
18:03:17 [EXPERIMENT]: === Run 20/24: num=drop, scale=robust, outlier=iqr ===
18:03:17 [DATA_IO]: Loading data from data/raw/FastFoodNutritionMenuV3.csv...
18:03:17 [DATA_IO]: Cleaning column names...
18:03:17 [DATA_IO]: Column names cleaned successfully.
18:03:17 [DATA_TRANSFORMER]: Auto-detecting numeric columns (threshold=80%)...
18:03:17 [DATA_TRANSFORMER]: Auto-converted 12 columns to numeric: ['calories', 'calories_from_fat', 'total_fat_g', 'saturated_fat_g', 'trans_fat_g', 'cholesterol_mg', 'sodium_mg', 'carbs_g', 'fiber_g', 'sugars_g', 'protein_g', 'weight_watchers_pnts']
18:03:17 [PREPROCESSOR]: Numeric cols: ['calories', 'calories_from_fat', 'total_fat_g', 'saturated_fat_g', 'trans_fat_g', 'cholesterol_mg', 'sodium_mg', 'carbs_g', 'fiber_g', 'sugars_g', 'protein_g', 'weight_watchers_pnts']
18:03:17 [PREPROCESSOR]: Categorical cols: ['company', 'item']
18:03:17 [PREPROCESSOR]: Datetime cols: []
18:03:17 [DATA_TRANSFORMER]: Converting columns to datetime...
18:03:17 [PREPROCESSOR]: Numeric cols: ['calories', 'calories_from_fat', 'total_fat_g', 'saturated_fat_g', 'trans_fat_g', 'cholesterol_mg', 'sodium_mg', 'carbs_g', 'fiber_g', 'sugars_g', 'protein_g', 'weight_watchers_pnts']
18:03:17 [PREPROCESSOR]: Categorical cols: ['company', 'item']
18:03:17 [PREPROCESSOR]: Datetime cols: []
18:03:17 [DATA_TRANSFORMER]: Dropping features: ['calories_from_fat', 'weight_watchers_pnts', 'company', 'item', 'total_fat_g', 'calories', 'trans_fat_g']
18:03:17 [PREPROCESSOR]: Numeric cols: ['saturated_fat_g', 'cholesterol_mg', 'sodium_mg', 'carbs_g', 'fiber_g', 'sugars_g', 'protein_g']
18:03:17 [PREPROCESSOR]: Categorical cols: []
18:03:17 [PREPROCESSOR]: Datetime cols: []
18:03:17 [DATA_TRANSFORMER]: Cleaning negative values in all numeric columns...
18:03:17 [DATA_TRANSFORMER]: Removed 138 duplicate rows
18:03:17 [DATA_TRANSFORMER]: Dropped 52 rows with null target 'saturated_fat_g'
18:03:17 [MODEL_TRAINER]: ModelTrainer initialized with random_state=42, n_jobs=1
18:03:17 [MODEL_TRAINER]: Data loaded: 957 rows, 7 columns
18:03:17 [MODEL_TRAINER]: Target column: 'saturated_fat_g'
18:03:17 [MODEL_TRAINER]: Splitting data into Train and Test sets...
18:03:17 [MODEL_TRAINER]: Split complete. Train shape: (765, 7), Test shape: (192, 7)
18:03:17 [DATA_TRANSFORMER]: [Encode] strategy='onehot', fit=True
18:03:17 [DATA_TRANSFORMER]: [Outlier] method='iqr' - Removing outliers
18:03:17 [DATA_TRANSFORMER]: Removed 176 rows as outliers
18:03:17 [DATA_TRANSFORMER]: Handling missing values fit=True | strategies={'num': 'drop', 'cat': 'mode', 'dt': 'drop'}
18:03:17 [DATA_TRANSFORMER]: [Scale] strategy='robust', fit=True
18:03:17 [DATA_TRANSFORMER]: [Encode] strategy='onehot', fit=False
18:03:17 [DATA_TRANSFORMER]: Handling missing values fit=False | strategies={'num': 'drop', 'cat': 'mode', 'dt': 'drop'}
18:03:17 [DATA_TRANSFORMER]: Dropped 9 rows due to missing values
18:03:17 [DATA_TRANSFORMER]: [Scale] strategy='robust', fit=False
18:03:17 [MODEL_TRAINER]: Setting processed training data (separating X and y)...
18:03:17 [MODEL_TRAINER]: Ready for training. X_train: (589, 6), X_test: (183, 6)
18:03:17 [MODEL_TRAINER]: Initialized 5 models: ['ElasticNet', 'RandomForest', 'LightGBM', 'XGBoost', 'DecisionTree']
18:03:17 [MODEL_TRAINER]: Starting model training...
18:03:17 [MODEL_TRAINER]: Training ElasticNet...
18:03:17 [MODEL_TRAINER]: ✓ ElasticNet trained successfully
18:03:17 [MODEL_TRAINER]: Training RandomForest...
18:03:17 [MODEL_TRAINER]: ✓ RandomForest trained successfully
18:03:17 [MODEL_TRAINER]: Training LightGBM...
18:03:17 [MODEL_TRAINER]: ✓ LightGBM trained successfully
18:03:17 [MODEL_TRAINER]: Training XGBoost...
18:03:17 [MODEL_TRAINER]: ✓ XGBoost trained successfully
18:03:17 [MODEL_TRAINER]: Training DecisionTree...
18:03:17 [MODEL_TRAINER]: ✓ DecisionTree trained successfully
18:03:17 [MODEL_TRAINER]: Training completed. 5/5 models trained successfully
18:03:17 [MODEL_TRAINER]: Evaluating models...
18:03:17 [MODEL_EVALUATOR]: ✓ ElasticNet evaluated: RMSE=3.7882, MAE=2.4715, R2=0.5527
18:03:17 [MODEL_EVALUATOR]: ✓ RandomForest evaluated: RMSE=2.5820, MAE=1.1596, R2=0.7922
18:03:17 [MODEL_EVALUATOR]: ✓ LightGBM evaluated: RMSE=2.8789, MAE=1.3298, R2=0.7417
18:03:17 [MODEL_EVALUATOR]: ✓ XGBoost evaluated: RMSE=2.7182, MAE=1.2762, R2=0.7697
18:03:17 [MODEL_EVALUATOR]: ✓ DecisionTree evaluated: RMSE=2.6370, MAE=1.2077, R2=0.7833
18:03:17 [EXPERIMENT]: === Run 21/24: num=drop, scale=robust, outlier=zscore ===
18:03:17 [DATA_IO]: Loading data from data/raw/FastFoodNutritionMenuV3.csv...
18:03:17 [DATA_IO]: Cleaning column names...
18:03:17 [DATA_IO]: Column names cleaned successfully.
18:03:17 [DATA_TRANSFORMER]: Auto-detecting numeric columns (threshold=80%)...
18:03:17 [DATA_TRANSFORMER]: Auto-converted 12 columns to numeric: ['calories', 'calories_from_fat', 'total_fat_g', 'saturated_fat_g', 'trans_fat_g', 'cholesterol_mg', 'sodium_mg', 'carbs_g', 'fiber_g', 'sugars_g', 'protein_g', 'weight_watchers_pnts']
18:03:17 [PREPROCESSOR]: Numeric cols: ['calories', 'calories_from_fat', 'total_fat_g', 'saturated_fat_g', 'trans_fat_g', 'cholesterol_mg', 'sodium_mg', 'carbs_g', 'fiber_g', 'sugars_g', 'protein_g', 'weight_watchers_pnts']
18:03:17 [PREPROCESSOR]: Categorical cols: ['company', 'item']
18:03:17 [PREPROCESSOR]: Datetime cols: []
18:03:17 [DATA_TRANSFORMER]: Converting columns to datetime...
18:03:17 [PREPROCESSOR]: Numeric cols: ['calories', 'calories_from_fat', 'total_fat_g', 'saturated_fat_g', 'trans_fat_g', 'cholesterol_mg', 'sodium_mg', 'carbs_g', 'fiber_g', 'sugars_g', 'protein_g', 'weight_watchers_pnts']
18:03:17 [PREPROCESSOR]: Categorical cols: ['company', 'item']
18:03:17 [PREPROCESSOR]: Datetime cols: []
18:03:17 [DATA_TRANSFORMER]: Dropping features: ['calories_from_fat', 'weight_watchers_pnts', 'company', 'item', 'total_fat_g', 'calories', 'trans_fat_g']
18:03:17 [PREPROCESSOR]: Numeric cols: ['saturated_fat_g', 'cholesterol_mg', 'sodium_mg', 'carbs_g', 'fiber_g', 'sugars_g', 'protein_g']
18:03:17 [PREPROCESSOR]: Categorical cols: []
18:03:17 [PREPROCESSOR]: Datetime cols: []
18:03:17 [DATA_TRANSFORMER]: Cleaning negative values in all numeric columns...
18:03:17 [DATA_TRANSFORMER]: Removed 138 duplicate rows
18:03:17 [DATA_TRANSFORMER]: Dropped 52 rows with null target 'saturated_fat_g'
18:03:17 [MODEL_TRAINER]: ModelTrainer initialized with random_state=42, n_jobs=1
18:03:17 [MODEL_TRAINER]: Data loaded: 957 rows, 7 columns
18:03:17 [MODEL_TRAINER]: Target column: 'saturated_fat_g'
18:03:17 [MODEL_TRAINER]: Splitting data into Train and Test sets...
18:03:17 [MODEL_TRAINER]: Split complete. Train shape: (765, 7), Test shape: (192, 7)
18:03:17 [DATA_TRANSFORMER]: [Encode] strategy='onehot', fit=True
18:03:17 [DATA_TRANSFORMER]: [Outlier] method='zscore' - Removing outliers
18:03:17 [DATA_TRANSFORMER]: Removed 81 rows as outliers
18:03:17 [DATA_TRANSFORMER]: Handling missing values fit=True | strategies={'num': 'drop', 'cat': 'mode', 'dt': 'drop'}
18:03:17 [DATA_TRANSFORMER]: [Scale] strategy='robust', fit=True
18:03:17 [DATA_TRANSFORMER]: [Encode] strategy='onehot', fit=False
18:03:17 [DATA_TRANSFORMER]: Handling missing values fit=False | strategies={'num': 'drop', 'cat': 'mode', 'dt': 'drop'}
18:03:17 [DATA_TRANSFORMER]: Dropped 9 rows due to missing values
18:03:17 [DATA_TRANSFORMER]: [Scale] strategy='robust', fit=False
18:03:17 [MODEL_TRAINER]: Setting processed training data (separating X and y)...
18:03:17 [MODEL_TRAINER]: Ready for training. X_train: (684, 6), X_test: (183, 6)
18:03:17 [MODEL_TRAINER]: Initialized 5 models: ['ElasticNet', 'RandomForest', 'LightGBM', 'XGBoost', 'DecisionTree']
18:03:17 [MODEL_TRAINER]: Starting model training...
18:03:17 [MODEL_TRAINER]: Training ElasticNet...
18:03:17 [MODEL_TRAINER]: ✓ ElasticNet trained successfully
18:03:17 [MODEL_TRAINER]: Training RandomForest...
18:03:18 [MODEL_TRAINER]: ✓ RandomForest trained successfully
18:03:18 [MODEL_TRAINER]: Training LightGBM...
18:03:18 [MODEL_TRAINER]: ✓ LightGBM trained successfully
18:03:18 [MODEL_TRAINER]: Training XGBoost...
18:03:18 [MODEL_TRAINER]: ✓ XGBoost trained successfully
18:03:18 [MODEL_TRAINER]: Training DecisionTree...
18:03:18 [MODEL_TRAINER]: ✓ DecisionTree trained successfully
18:03:18 [MODEL_TRAINER]: Training completed. 5/5 models trained successfully
18:03:18 [MODEL_TRAINER]: Evaluating models...
18:03:18 [MODEL_EVALUATOR]: ✓ ElasticNet evaluated: RMSE=3.8156, MAE=2.5141, R2=0.5463
18:03:18 [MODEL_EVALUATOR]: ✓ RandomForest evaluated: RMSE=2.2117, MAE=1.1159, R2=0.8476
18:03:18 [MODEL_EVALUATOR]: ✓ LightGBM evaluated: RMSE=2.6667, MAE=1.3377, R2=0.7784
18:03:18 [MODEL_EVALUATOR]: ✓ XGBoost evaluated: RMSE=2.0310, MAE=1.0813, R2=0.8714
18:03:18 [MODEL_EVALUATOR]: ✓ DecisionTree evaluated: RMSE=2.8025, MAE=1.3743, R2=0.7552
18:03:18 [EXPERIMENT]: === Run 22/24: num=drop, scale=standard, outlier=isolation_forest ===
18:03:18 [DATA_IO]: Loading data from data/raw/FastFoodNutritionMenuV3.csv...
18:03:18 [DATA_IO]: Cleaning column names...
18:03:18 [DATA_IO]: Column names cleaned successfully.
18:03:18 [DATA_TRANSFORMER]: Auto-detecting numeric columns (threshold=80%)...
18:03:18 [DATA_TRANSFORMER]: Auto-converted 12 columns to numeric: ['calories', 'calories_from_fat', 'total_fat_g', 'saturated_fat_g', 'trans_fat_g', 'cholesterol_mg', 'sodium_mg', 'carbs_g', 'fiber_g', 'sugars_g', 'protein_g', 'weight_watchers_pnts']
18:03:18 [PREPROCESSOR]: Numeric cols: ['calories', 'calories_from_fat', 'total_fat_g', 'saturated_fat_g', 'trans_fat_g', 'cholesterol_mg', 'sodium_mg', 'carbs_g', 'fiber_g', 'sugars_g', 'protein_g', 'weight_watchers_pnts']
18:03:18 [PREPROCESSOR]: Categorical cols: ['company', 'item']
18:03:18 [PREPROCESSOR]: Datetime cols: []
18:03:18 [DATA_TRANSFORMER]: Converting columns to datetime...
18:03:18 [PREPROCESSOR]: Numeric cols: ['calories', 'calories_from_fat', 'total_fat_g', 'saturated_fat_g', 'trans_fat_g', 'cholesterol_mg', 'sodium_mg', 'carbs_g', 'fiber_g', 'sugars_g', 'protein_g', 'weight_watchers_pnts']
18:03:18 [PREPROCESSOR]: Categorical cols: ['company', 'item']
18:03:18 [PREPROCESSOR]: Datetime cols: []
18:03:18 [DATA_TRANSFORMER]: Dropping features: ['calories_from_fat', 'weight_watchers_pnts', 'company', 'item', 'total_fat_g', 'calories', 'trans_fat_g']
18:03:18 [PREPROCESSOR]: Numeric cols: ['saturated_fat_g', 'cholesterol_mg', 'sodium_mg', 'carbs_g', 'fiber_g', 'sugars_g', 'protein_g']
18:03:18 [PREPROCESSOR]: Categorical cols: []
18:03:18 [PREPROCESSOR]: Datetime cols: []
18:03:18 [DATA_TRANSFORMER]: Cleaning negative values in all numeric columns...
18:03:18 [DATA_TRANSFORMER]: Removed 138 duplicate rows
18:03:18 [DATA_TRANSFORMER]: Dropped 52 rows with null target 'saturated_fat_g'
18:03:18 [MODEL_TRAINER]: ModelTrainer initialized with random_state=42, n_jobs=1
18:03:18 [MODEL_TRAINER]: Data loaded: 957 rows, 7 columns
18:03:18 [MODEL_TRAINER]: Target column: 'saturated_fat_g'
18:03:18 [MODEL_TRAINER]: Splitting data into Train and Test sets...
18:03:18 [MODEL_TRAINER]: Split complete. Train shape: (765, 7), Test shape: (192, 7)
18:03:18 [DATA_TRANSFORMER]: [Encode] strategy='onehot', fit=True
18:03:18 [DATA_TRANSFORMER]: [Outlier] method='isolation_forest' - Removing outliers
18:03:18 [DATA_TRANSFORMER]: Removed 100 rows as outliers
18:03:18 [DATA_TRANSFORMER]: Handling missing values fit=True | strategies={'num': 'drop', 'cat': 'mode', 'dt': 'drop'}
18:03:18 [DATA_TRANSFORMER]: Dropped 24 rows due to missing values
18:03:18 [DATA_TRANSFORMER]: [Scale] strategy='standard', fit=True
18:03:18 [DATA_TRANSFORMER]: [Encode] strategy='onehot', fit=False
18:03:18 [DATA_TRANSFORMER]: Handling missing values fit=False | strategies={'num': 'drop', 'cat': 'mode', 'dt': 'drop'}
18:03:18 [DATA_TRANSFORMER]: Dropped 9 rows due to missing values
18:03:18 [DATA_TRANSFORMER]: [Scale] strategy='standard', fit=False
18:03:18 [MODEL_TRAINER]: Setting processed training data (separating X and y)...
18:03:18 [MODEL_TRAINER]: Ready for training. X_train: (641, 6), X_test: (183, 6)
18:03:18 [MODEL_TRAINER]: Initialized 5 models: ['ElasticNet', 'RandomForest', 'LightGBM', 'XGBoost', 'DecisionTree']
18:03:18 [MODEL_TRAINER]: Starting model training...
18:03:18 [MODEL_TRAINER]: Training ElasticNet...
18:03:18 [MODEL_TRAINER]: ✓ ElasticNet trained successfully
18:03:18 [MODEL_TRAINER]: Training RandomForest...
18:03:18 [MODEL_TRAINER]: ✓ RandomForest trained successfully
18:03:18 [MODEL_TRAINER]: Training LightGBM...
18:03:18 [MODEL_TRAINER]: ✓ LightGBM trained successfully
18:03:18 [MODEL_TRAINER]: Training XGBoost...
18:03:18 [MODEL_TRAINER]: ✓ XGBoost trained successfully
18:03:18 [MODEL_TRAINER]: Training DecisionTree...
18:03:18 [MODEL_TRAINER]: ✓ DecisionTree trained successfully
18:03:18 [MODEL_TRAINER]: Training completed. 5/5 models trained successfully
18:03:18 [MODEL_TRAINER]: Evaluating models...
18:03:18 [MODEL_EVALUATOR]: ✓ ElasticNet evaluated: RMSE=3.7061, MAE=2.3598, R2=0.5719
18:03:18 [MODEL_EVALUATOR]: ✓ RandomForest evaluated: RMSE=2.7720, MAE=1.2213, R2=0.7605
18:03:18 [MODEL_EVALUATOR]: ✓ LightGBM evaluated: RMSE=2.7715, MAE=1.2861, R2=0.7606
18:03:18 [MODEL_EVALUATOR]: ✓ XGBoost evaluated: RMSE=3.2009, MAE=1.3734, R2=0.6807
18:03:18 [MODEL_EVALUATOR]: ✓ DecisionTree evaluated: RMSE=3.0346, MAE=1.4945, R2=0.7130
18:03:18 [EXPERIMENT]: === Run 23/24: num=drop, scale=standard, outlier=iqr ===
18:03:18 [DATA_IO]: Loading data from data/raw/FastFoodNutritionMenuV3.csv...
18:03:18 [DATA_IO]: Cleaning column names...
18:03:18 [DATA_IO]: Column names cleaned successfully.
18:03:18 [DATA_TRANSFORMER]: Auto-detecting numeric columns (threshold=80%)...
18:03:18 [DATA_TRANSFORMER]: Auto-converted 12 columns to numeric: ['calories', 'calories_from_fat', 'total_fat_g', 'saturated_fat_g', 'trans_fat_g', 'cholesterol_mg', 'sodium_mg', 'carbs_g', 'fiber_g', 'sugars_g', 'protein_g', 'weight_watchers_pnts']
18:03:18 [PREPROCESSOR]: Numeric cols: ['calories', 'calories_from_fat', 'total_fat_g', 'saturated_fat_g', 'trans_fat_g', 'cholesterol_mg', 'sodium_mg', 'carbs_g', 'fiber_g', 'sugars_g', 'protein_g', 'weight_watchers_pnts']
18:03:18 [PREPROCESSOR]: Categorical cols: ['company', 'item']
18:03:18 [PREPROCESSOR]: Datetime cols: []
18:03:18 [DATA_TRANSFORMER]: Converting columns to datetime...
18:03:18 [PREPROCESSOR]: Numeric cols: ['calories', 'calories_from_fat', 'total_fat_g', 'saturated_fat_g', 'trans_fat_g', 'cholesterol_mg', 'sodium_mg', 'carbs_g', 'fiber_g', 'sugars_g', 'protein_g', 'weight_watchers_pnts']
18:03:18 [PREPROCESSOR]: Categorical cols: ['company', 'item']
18:03:18 [PREPROCESSOR]: Datetime cols: []
18:03:18 [DATA_TRANSFORMER]: Dropping features: ['calories_from_fat', 'weight_watchers_pnts', 'company', 'item', 'total_fat_g', 'calories', 'trans_fat_g']
18:03:18 [PREPROCESSOR]: Numeric cols: ['saturated_fat_g', 'cholesterol_mg', 'sodium_mg', 'carbs_g', 'fiber_g', 'sugars_g', 'protein_g']
18:03:18 [PREPROCESSOR]: Categorical cols: []
18:03:18 [PREPROCESSOR]: Datetime cols: []
18:03:18 [DATA_TRANSFORMER]: Cleaning negative values in all numeric columns...
18:03:18 [DATA_TRANSFORMER]: Removed 138 duplicate rows
18:03:18 [DATA_TRANSFORMER]: Dropped 52 rows with null target 'saturated_fat_g'
18:03:18 [MODEL_TRAINER]: ModelTrainer initialized with random_state=42, n_jobs=1
18:03:18 [MODEL_TRAINER]: Data loaded: 957 rows, 7 columns
18:03:18 [MODEL_TRAINER]: Target column: 'saturated_fat_g'
18:03:18 [MODEL_TRAINER]: Splitting data into Train and Test sets...
18:03:18 [MODEL_TRAINER]: Split complete. Train shape: (765, 7), Test shape: (192, 7)
18:03:18 [DATA_TRANSFORMER]: [Encode] strategy='onehot', fit=True
18:03:18 [DATA_TRANSFORMER]: [Outlier] method='iqr' - Removing outliers
18:03:18 [DATA_TRANSFORMER]: Removed 176 rows as outliers
18:03:18 [DATA_TRANSFORMER]: Handling missing values fit=True | strategies={'num': 'drop', 'cat': 'mode', 'dt': 'drop'}
18:03:18 [DATA_TRANSFORMER]: [Scale] strategy='standard', fit=True
18:03:18 [DATA_TRANSFORMER]: [Encode] strategy='onehot', fit=False
18:03:18 [DATA_TRANSFORMER]: Handling missing values fit=False | strategies={'num': 'drop', 'cat': 'mode', 'dt': 'drop'}
18:03:18 [DATA_TRANSFORMER]: Dropped 9 rows due to missing values
18:03:18 [DATA_TRANSFORMER]: [Scale] strategy='standard', fit=False
18:03:18 [MODEL_TRAINER]: Setting processed training data (separating X and y)...
18:03:18 [MODEL_TRAINER]: Ready for training. X_train: (589, 6), X_test: (183, 6)
18:03:18 [MODEL_TRAINER]: Initialized 5 models: ['ElasticNet', 'RandomForest', 'LightGBM', 'XGBoost', 'DecisionTree']
18:03:18 [MODEL_TRAINER]: Starting model training...
18:03:18 [MODEL_TRAINER]: Training ElasticNet...
18:03:18 [MODEL_TRAINER]: ✓ ElasticNet trained successfully
18:03:18 [MODEL_TRAINER]: Training RandomForest...
18:03:18 [MODEL_TRAINER]: ✓ RandomForest trained successfully
18:03:18 [MODEL_TRAINER]: Training LightGBM...
18:03:18 [MODEL_TRAINER]: ✓ LightGBM trained successfully
18:03:18 [MODEL_TRAINER]: Training XGBoost...
18:03:18 [MODEL_TRAINER]: ✓ XGBoost trained successfully
18:03:18 [MODEL_TRAINER]: Training DecisionTree...
18:03:18 [MODEL_TRAINER]: ✓ DecisionTree trained successfully
18:03:18 [MODEL_TRAINER]: Training completed. 5/5 models trained successfully
18:03:18 [MODEL_TRAINER]: Evaluating models...
18:03:18 [MODEL_EVALUATOR]: ✓ ElasticNet evaluated: RMSE=3.5654, MAE=2.3078, R2=0.6038
18:03:18 [MODEL_EVALUATOR]: ✓ RandomForest evaluated: RMSE=2.5985, MAE=1.1638, R2=0.7896
18:03:18 [MODEL_EVALUATOR]: ✓ LightGBM evaluated: RMSE=2.8791, MAE=1.3306, R2=0.7417
18:03:18 [MODEL_EVALUATOR]: ✓ XGBoost evaluated: RMSE=2.7182, MAE=1.2762, R2=0.7697
18:03:18 [MODEL_EVALUATOR]: ✓ DecisionTree evaluated: RMSE=2.6120, MAE=1.1967, R2=0.7874
18:03:18 [EXPERIMENT]: === Run 24/24: num=drop, scale=standard, outlier=zscore ===
18:03:18 [DATA_IO]: Loading data from data/raw/FastFoodNutritionMenuV3.csv...
18:03:18 [DATA_IO]: Cleaning column names...
18:03:18 [DATA_IO]: Column names cleaned successfully.
18:03:18 [DATA_TRANSFORMER]: Auto-detecting numeric columns (threshold=80%)...
18:03:18 [DATA_TRANSFORMER]: Auto-converted 12 columns to numeric: ['calories', 'calories_from_fat', 'total_fat_g', 'saturated_fat_g', 'trans_fat_g', 'cholesterol_mg', 'sodium_mg', 'carbs_g', 'fiber_g', 'sugars_g', 'protein_g', 'weight_watchers_pnts']
18:03:18 [PREPROCESSOR]: Numeric cols: ['calories', 'calories_from_fat', 'total_fat_g', 'saturated_fat_g', 'trans_fat_g', 'cholesterol_mg', 'sodium_mg', 'carbs_g', 'fiber_g', 'sugars_g', 'protein_g', 'weight_watchers_pnts']
18:03:18 [PREPROCESSOR]: Categorical cols: ['company', 'item']
18:03:18 [PREPROCESSOR]: Datetime cols: []
18:03:18 [DATA_TRANSFORMER]: Converting columns to datetime...
18:03:18 [PREPROCESSOR]: Numeric cols: ['calories', 'calories_from_fat', 'total_fat_g', 'saturated_fat_g', 'trans_fat_g', 'cholesterol_mg', 'sodium_mg', 'carbs_g', 'fiber_g', 'sugars_g', 'protein_g', 'weight_watchers_pnts']
18:03:18 [PREPROCESSOR]: Categorical cols: ['company', 'item']
18:03:18 [PREPROCESSOR]: Datetime cols: []
18:03:18 [DATA_TRANSFORMER]: Dropping features: ['calories_from_fat', 'weight_watchers_pnts', 'company', 'item', 'total_fat_g', 'calories', 'trans_fat_g']
18:03:18 [PREPROCESSOR]: Numeric cols: ['saturated_fat_g', 'cholesterol_mg', 'sodium_mg', 'carbs_g', 'fiber_g', 'sugars_g', 'protein_g']
18:03:18 [PREPROCESSOR]: Categorical cols: []
18:03:18 [PREPROCESSOR]: Datetime cols: []
18:03:18 [DATA_TRANSFORMER]: Cleaning negative values in all numeric columns...
18:03:18 [DATA_TRANSFORMER]: Removed 138 duplicate rows
18:03:18 [DATA_TRANSFORMER]: Dropped 52 rows with null target 'saturated_fat_g'
18:03:18 [MODEL_TRAINER]: ModelTrainer initialized with random_state=42, n_jobs=1
18:03:18 [MODEL_TRAINER]: Data loaded: 957 rows, 7 columns
18:03:18 [MODEL_TRAINER]: Target column: 'saturated_fat_g'
18:03:18 [MODEL_TRAINER]: Splitting data into Train and Test sets...
18:03:18 [MODEL_TRAINER]: Split complete. Train shape: (765, 7), Test shape: (192, 7)
18:03:18 [DATA_TRANSFORMER]: [Encode] strategy='onehot', fit=True
18:03:18 [DATA_TRANSFORMER]: [Outlier] method='zscore' - Removing outliers
18:03:18 [DATA_TRANSFORMER]: Removed 81 rows as outliers
18:03:18 [DATA_TRANSFORMER]: Handling missing values fit=True | strategies={'num': 'drop', 'cat': 'mode', 'dt': 'drop'}
18:03:18 [DATA_TRANSFORMER]: [Scale] strategy='standard', fit=True
18:03:18 [DATA_TRANSFORMER]: [Encode] strategy='onehot', fit=False
18:03:18 [DATA_TRANSFORMER]: Handling missing values fit=False | strategies={'num': 'drop', 'cat': 'mode', 'dt': 'drop'}
18:03:18 [DATA_TRANSFORMER]: Dropped 9 rows due to missing values
18:03:18 [DATA_TRANSFORMER]: [Scale] strategy='standard', fit=False
18:03:18 [MODEL_TRAINER]: Setting processed training data (separating X and y)...
18:03:18 [MODEL_TRAINER]: Ready for training. X_train: (684, 6), X_test: (183, 6)
18:03:18 [MODEL_TRAINER]: Initialized 5 models: ['ElasticNet', 'RandomForest', 'LightGBM', 'XGBoost', 'DecisionTree']
18:03:18 [MODEL_TRAINER]: Starting model training...
18:03:18 [MODEL_TRAINER]: Training ElasticNet...
18:03:18 [MODEL_TRAINER]: ✓ ElasticNet trained successfully
18:03:18 [MODEL_TRAINER]: Training RandomForest...
18:03:18 [MODEL_TRAINER]: ✓ RandomForest trained successfully
18:03:18 [MODEL_TRAINER]: Training LightGBM...
18:03:18 [MODEL_TRAINER]: ✓ LightGBM trained successfully
18:03:18 [MODEL_TRAINER]: Training XGBoost...
18:03:18 [MODEL_TRAINER]: ✓ XGBoost trained successfully
18:03:18 [MODEL_TRAINER]: Training DecisionTree...
18:03:18 [MODEL_TRAINER]: ✓ DecisionTree trained successfully
18:03:18 [MODEL_TRAINER]: Training completed. 5/5 models trained successfully
18:03:18 [MODEL_TRAINER]: Evaluating models...
18:03:18 [MODEL_EVALUATOR]: ✓ ElasticNet evaluated: RMSE=3.6215, MAE=2.3730, R2=0.5913
18:03:18 [MODEL_EVALUATOR]: ✓ RandomForest evaluated: RMSE=2.2155, MAE=1.1201, R2=0.8470
18:03:18 [MODEL_EVALUATOR]: ✓ LightGBM evaluated: RMSE=2.6667, MAE=1.3377, R2=0.7784
18:03:18 [MODEL_EVALUATOR]: ✓ XGBoost evaluated: RMSE=2.0310, MAE=1.0813, R2=0.8714
18:03:18 [MODEL_EVALUATOR]: ✓ DecisionTree evaluated: RMSE=2.8100, MAE=1.3934, R2=0.7539
